,Brazil,China,Germany,Greece,India,US
2016-01-04,42141.0,3296.26,10283.44,621.12,25623.35,2012.66
2016-01-05,42419.0,3287.71,10310.1,617.59,25580.34,2016.71
2016-01-07,40695.0,3125.0,9979.85,590.75,24851.83,1943.09
2016-01-08,40612.0,3186.41,9849.34,585.98,24934.33,1922.03
2016-01-11,39950.0,3016.7,9825.07,581.68,24825.04,1923.67
2016-01-12,39514.0,3022.86,9985.43,594.26,24682.03,1938.68
2016-01-13,38944.0,2949.6,9960.96,589.35,24854.11,1890.28
2016-01-14,39500.0,3007.65,9794.2,573.92,24772.97,1921.84
2016-01-15,38569.0,2900.97,9545.27,558.45,24455.04,1880.33
2016-01-19,38057.0,3007.74,9664.21,558.25,24479.84,1881.33
2016-01-20,37645.0,2976.69,9391.64,526.44,24062.04,1859.33
2016-01-21,37717.0,2880.48,9574.16,523.01,23962.21,1868.99
2016-01-22,38031.0,2916.56,9764.88,534.34,24435.66,1906.9
2016-01-27,38376.0,2735.56,9880.82,545.27,24492.39,1882.95
2016-01-28,38630.0,2655.66,9639.59,542.18,24469.57,1893.36
2016-01-29,40406.0,2737.6,9798.11,552.83,24870.69,1940.24
2016-02-01,40570.0,2688.85,9757.88,557.16,24824.83,1939.38
2016-02-02,38596.0,2749.57,9581.04,552.5,24539.0,1903.03
2016-02-03,39589.0,2739.25,9434.82,529.73,24223.32,1912.53
2016-02-04,40822.0,2781.02,9393.36,509.45,24338.43,1915.45
2016-02-05,40592.0,2763.49,9286.23,503.88,24616.97,1880.05
2016-02-16,40948.0,2836.57,9135.11,482.89,23191.97,1895.58
2016-02-17,41631.0,2867.34,9377.21,495.1,23381.87,1926.82
2016-02-18,41478.0,2862.89,9463.64,497.75,23649.22,1917.83
2016-02-19,41543.0,2860.02,9388.05,480.54,23709.15,1917.78
2016-02-22,43235.0,2927.18,9573.59,487.97,23788.79,1945.5
2016-02-23,42521.0,2903.33,9416.77,493.97,23410.18,1921.27
2016-02-24,42085.0,2928.9,9167.8,474.28,23088.93,1929.8
2016-02-25,41888.0,2741.25,9331.48,483.98,22976.0,1951.7
2016-02-26,41593.0,2767.21,9513.3,507.12,23154.3,1948.05
2016-02-29,42794.0,2687.98,9495.4,516.71,23002.0,1932.23
2016-03-01,44122.0,2733.17,9717.16,520.08,23779.35,1978.35
2016-03-02,44893.0,2849.68,9776.62,535.78,24242.98,1986.45
2016-03-03,47193.0,2859.76,9751.92,551.36,24606.99,1993.4
2016-03-04,49085.0,2874.15,9824.17,552.84,24646.48,1999.99
2016-03-08,49102.0,2901.39,9692.82,563.67,24659.23,1979.26
2016-03-09,48665.0,2862.56,9723.09,552.59,24793.96,1989.26
2016-03-10,49571.0,2804.73,9498.15,564.12,24623.34,1989.57
2016-03-11,49639.0,2810.31,9831.13,566.2,24717.99,2022.19
2016-03-15,47130.0,2864.37,9933.85,579.3,24551.17,2015.93
2016-03-16,47763.0,2870.43,9983.41,571.73,24682.48,2027.22
2016-03-17,50914.0,2904.83,9892.2,567.24,24677.37,2040.59
2016-03-18,50815.0,2955.15,9950.8,548.58,24952.74,2049.58
2016-03-21,51172.0,3018.8,9948.64,541.7,25285.37,2051.6
2016-03-22,51010.0,2999.36,9990.0,544.3,25330.49,2049.8
2016-03-23,49690.0,3009.96,10022.93,551.31,25337.56,2036.71
2016-03-29,51155.0,2919.83,9887.94,566.67,24900.46,2055.01
2016-03-30,51249.0,3000.64,10046.61,578.83,25338.58,2063.95
2016-03-31,50055.0,3003.92,9965.51,577.12,25341.86,2059.74
2016-04-01,50562.0,3009.53,9794.64,571.56,25269.64,2072.78
2016-04-05,49054.0,3053.07,9563.36,561.23,24883.59,2045.17
2016-04-06,48096.0,3050.59,9624.51,554.12,24900.63,2066.66
2016-04-07,48513.0,3008.42,9530.62,554.5,24685.42,2041.91
2016-04-08,50293.0,2984.96,9622.26,561.61,24673.84,2047.6
2016-04-11,50165.0,3033.96,9682.99,560.97,25022.16,2041.99
2016-04-12,52002.0,3023.65,9761.47,553.43,25145.59,2061.72
2016-04-13,53150.0,3066.64,10026.1,548.83,25626.75,2082.42
2016-04-18,52894.0,3033.66,10120.31,574.37,25816.36,2094.34
2016-04-20,53631.0,2972.58,10421.29,582.51,25844.18,2102.4
2016-04-22,52908.0,2959.24,10373.49,605.92,25838.14,2091.58
2016-04-25,51862.0,2946.67,10294.35,597.56,25678.93,2087.79
2016-04-26,53083.0,2964.7,10259.59,599.59,26007.3,2091.7
2016-04-27,54478.0,2953.67,10299.83,584.55,26064.12,2095.15
2016-04-28,54312.0,2945.59,10321.15,583.65,25603.1,2075.81
2016-05-04,52553.0,2991.27,9828.25,590.05,25101.73,2051.12
2016-05-05,51671.0,2997.84,9851.86,601.48,25262.21,2050.63
2016-05-06,51718.0,2913.25,9869.95,605.61,25228.5,2057.14
2016-05-09,50990.0,2832.11,9980.49,610.07,25688.86,2058.69
2016-05-10,53071.0,2832.59,10045.44,629.29,25772.53,2084.39
2016-05-11,52764.0,2837.04,9975.32,619.06,25597.02,2064.46
2016-05-12,53241.0,2835.86,9862.12,632.75,25790.22,2064.11
2016-05-13,51804.0,2827.11,9952.9,622.71,25489.57,2046.61
2016-05-17,50839.0,2843.68,9890.19,626.37,25773.61,2047.21
2016-05-18,50562.0,2807.51,9943.23,628.29,25704.61,2047.63
2016-05-19,50133.0,2806.91,9795.89,622.28,25399.72,2040.04
2016-05-20,49723.0,2825.48,9916.02,639.48,25301.9,2052.32
2016-05-23,49330.0,2843.64,9842.29,649.1,25230.36,2048.04
2016-05-24,49345.0,2821.67,10057.31,642.08,25305.47,2076.06
2016-05-25,49483.0,2815.09,10205.21,641.8,25881.17,2090.54
2016-05-27,49051.0,2821.05,10286.31,636.83,26653.6,2099.06
2016-05-31,48472.0,2916.62,10262.74,646.97,26667.96,2096.96
2016-06-01,49013.0,2913.51,10204.44,645.1,26713.93,2099.33
2016-06-02,49887.0,2925.23,10208.0,639.19,26843.14,2105.26
2016-06-03,50620.0,2938.68,10103.26,648.63,26843.03,2099.13
2016-06-06,50432.0,2934.1,10121.08,639.11,26777.45,2109.41
2016-06-07,50488.0,2936.04,10287.68,653.6,27009.67,2112.13
2016-06-08,51629.0,2927.16,10217.03,652.38,27020.66,2119.12
2016-06-13,49661.0,2833.07,9657.44,594.58,26396.77,2079.06
2016-06-14,48648.0,2842.19,9519.2,593.45,26395.71,2075.32
2016-06-15,48915.0,2887.21,9606.71,575.52,26726.34,2071.5
2016-06-16,49412.0,2872.82,9550.47,556.48,26525.46,2077.99
2016-06-17,49534.0,2885.11,9631.36,586.55,26625.91,2071.22
2016-06-21,50838.0,2878.56,10015.54,608.29,26812.78,2088.9
2016-06-22,50156.0,2905.55,10071.06,611.63,26765.65,2085.45
2016-06-23,51560.0,2891.96,10257.03,617.69,27002.22,2113.32
2016-06-24,50105.0,2854.29,9557.16,534.78,26397.71,2037.41
2016-06-27,49246.0,2895.7,9268.66,519.33,26402.96,2000.54
2016-06-28,50007.0,2912.56,9447.28,538.65,26524.55,2036.09
2016-06-29,51002.0,2931.59,9612.27,541.88,26740.39,2070.77
2016-06-30,51527.0,2929.61,9680.09,542.12,26999.72,2098.86
2016-07-01,52233.0,2932.48,9776.12,544.76,27144.91,2102.95
2016-07-05,51842.0,3006.39,9532.61,527.16,27166.87,2088.55
2016-07-07,52015.0,3016.85,9418.78,531.64,27201.49,2097.9
2016-07-08,53141.0,2988.09,9629.66,537.1,27126.9,2129.9
2016-07-11,53960.0,2994.92,9833.41,548.09,27626.69,2137.16
2016-07-12,54256.0,3049.38,9964.07,551.92,27808.14,2152.14
2016-07-13,54598.0,3060.69,9930.71,559.72,27815.18,2152.43
2016-07-14,55481.0,3054.02,10068.3,562.84,27942.11,2163.75
2016-07-15,55578.0,3054.3,10066.9,557.36,27836.5,2161.74
2016-07-18,56484.0,3043.56,10063.13,555.26,27746.66,2166.89
2016-07-19,56698.0,3036.6,9981.24,563.75,27787.62,2163.78
2016-07-20,56578.0,3027.9,10142.01,569.74,27915.89,2173.02
2016-07-21,56641.0,3039.01,10156.21,568.65,27710.52,2165.17
2016-07-22,57002.0,3012.82,10147.46,571.57,27803.24,2175.03
2016-07-25,56873.0,3015.83,10198.24,564.75,28095.34,2168.48
2016-07-26,56783.0,3050.17,10247.76,566.0,27976.52,2169.18
2016-07-27,56853.0,2992.0,10319.55,569.16,28024.33,2166.58
2016-07-28,56667.0,2994.32,10274.93,562.84,28208.62,2170.06
2016-07-29,57308.0,2979.34,10337.5,571.33,28051.86,2173.6
2016-08-01,56756.0,2953.39,10330.52,569.6,28003.12,2170.84
2016-08-02,56162.0,2971.28,10144.34,551.64,27981.71,2157.03
2016-08-03,57077.0,2978.46,10170.21,551.61,27697.51,2163.79
2016-08-04,57594.0,2982.43,10227.86,556.62,27714.37,2164.25
2016-08-05,57661.0,2976.7,10367.21,562.76,28078.35,2182.87
2016-08-08,57635.0,3004.28,10432.36,560.39,28182.57,2180.89
2016-08-09,57689.0,3025.68,10692.9,562.4,28085.16,2181.74
2016-08-10,56920.0,3018.75,10650.89,567.28,27774.88,2175.49
2016-08-11,58300.0,3002.64,10742.84,572.33,27859.6,2185.79
2016-08-12,58298.0,3050.67,10713.43,576.12,28152.4,2184.05
2016-08-16,58855.0,3110.04,10676.65,572.43,28064.61,2178.15
2016-08-17,59324.0,3109.55,10537.67,567.49,28005.37,2182.22
2016-08-18,59166.0,3104.11,10603.03,572.25,28123.44,2187.02
2016-08-19,59099.0,3108.1,10544.36,561.32,28077.0,2183.87
2016-08-22,57781.0,3084.81,10494.35,566.01,27985.54,2182.64
2016-08-23,58020.0,3089.71,10592.88,567.9,27990.21,2186.9
2016-08-24,57718.0,3085.88,10622.97,567.94,28059.94,2175.44
2016-08-25,57722.0,3068.33,10529.59,565.83,27835.91,2172.47
2016-08-26,57716.0,3070.31,10587.77,565.34,27782.25,2169.04
2016-08-29,58610.0,3070.03,10544.44,561.69,27902.66,2180.38
2016-08-30,58575.0,3074.68,10657.64,564.37,28343.01,2176.12
2016-08-31,57901.0,3085.49,10592.69,577.39,28452.17,2170.95
2016-09-01,58236.0,3063.31,10534.31,578.87,28423.48,2170.86
2016-09-02,59616.0,3067.35,10683.82,582.13,28532.11,2179.98
2016-09-06,60129.0,3090.71,10687.14,578.49,28978.02,2186.48
2016-09-08,60232.0,3095.95,10675.29,566.58,29045.28,2181.3
2016-09-09,58000.0,3078.85,10573.44,566.8,28797.25,2127.81
2016-09-12,58586.0,3021.98,10431.77,557.25,28353.54,2159.04
2016-09-14,57059.0,3002.85,10378.4,556.13,28372.23,2125.77
2016-09-19,57350.0,3026.05,10373.87,557.47,28634.5,2139.12
2016-09-20,57736.0,3023.0,10393.86,560.59,28523.2,2139.76
2016-09-21,58394.0,3025.87,10436.49,562.12,28507.42,2163.12
2016-09-22,58994.0,3042.31,10674.18,572.15,28773.13,2177.18
2016-09-23,58697.0,3033.9,10626.97,574.05,28668.22,2164.69
2016-09-26,58054.0,2980.43,10393.71,563.59,28294.28,2146.1
2016-09-27,58382.0,2998.17,10361.48,562.4,28223.7,2159.93
2016-09-28,59356.0,2987.86,10438.34,563.15,28292.81,2171.37
2016-09-29,58351.0,2998.48,10405.54,568.24,27827.53,2151.13
2016-09-30,58367.0,3004.7,10511.02,565.53,27865.96,2168.27
2016-10-10,61668.0,3048.14,10624.08,583.27,28082.34,2163.66
2016-10-13,61119.0,3061.35,10414.07,576.58,27643.11,2132.55
2016-10-14,61767.0,3063.81,10580.38,589.29,27673.6,2132.98
2016-10-17,62696.0,3041.17,10503.57,586.06,27529.97,2126.5
2016-10-18,63782.0,3083.88,10631.55,593.83,28050.88,2139.6
2016-10-19,63506.0,3084.72,10645.68,593.02,27984.37,2144.29
2016-10-20,63838.0,3084.46,10701.39,595.9,28129.84,2141.34
2016-10-21,64108.0,3090.94,10710.73,594.0,28077.18,2141.16
2016-10-24,64060.0,3128.25,10761.17,593.13,28179.08,2151.33
2016-10-25,63866.0,3131.94,10757.31,588.95,28091.42,2143.16
2016-10-26,63826.0,3116.31,10709.68,589.46,27836.51,2139.43
2016-10-27,64250.0,3112.35,10717.08,588.67,27915.9,2133.04
2016-10-31,64925.0,3100.49,10665.01,591.13,27930.21,2126.15
2016-11-01,63326.0,3122.44,10526.16,582.45,27876.61,2111.72
2016-11-03,61750.0,3128.94,10325.88,578.23,27430.28,2088.66
2016-11-04,61598.0,3125.32,10259.13,573.92,27274.15,2085.18
2016-11-07,64052.0,3133.33,10456.95,580.57,27458.99,2131.52
2016-11-08,64158.0,3147.89,10482.32,582.2,27591.14,2139.56
2016-11-09,63258.0,3128.37,10646.01,581.92,27252.53,2163.26
2016-11-10,61201.0,3171.28,10630.12,587.02,27517.68,2167.48
2016-11-11,59184.0,3196.04,10667.95,582.59,26818.82,2164.45
2016-11-16,60759.0,3205.06,10663.87,592.26,26298.69,2176.94
2016-11-17,59770.0,3208.45,10685.54,601.07,26227.62,2187.12
2016-11-18,59962.0,3192.86,10664.56,611.93,26150.24,2181.9
2016-11-21,61070.0,3218.15,10685.13,615.83,25765.14,2198.18
2016-11-22,61954.0,3248.35,10713.85,631.21,25960.78,2202.94
2016-11-23,61986.0,3241.14,10662.44,632.52,26051.81,2204.72
2016-11-25,61559.0,3261.94,10699.27,623.35,26316.34,2213.35
2016-11-28,62856.0,3277.0,10582.67,604.06,26350.17,2201.72
2016-11-29,60987.0,3282.92,10620.49,610.6,26394.01,2204.66
2016-11-30,61906.0,3250.03,10640.3,628.75,26652.81,2198.81
2016-12-01,59507.0,3273.31,10534.05,614.61,26559.92,2191.08
2016-12-02,60316.0,3243.84,10513.35,613.95,26230.66,2191.95
2016-12-05,59832.0,3204.71,10684.83,620.29,26349.1,2204.71
2016-12-06,61088.0,3199.65,10775.32,622.52,26392.76,2212.23
2016-12-07,61414.0,3222.24,10986.69,640.07,26236.87,2241.35
2016-12-08,60677.0,3215.37,11179.42,648.27,26694.28,2246.19
2016-12-09,60501.0,3232.88,11203.63,640.09,26747.18,2259.53
2016-12-12,59179.0,3152.97,11190.21,640.38,26515.24,2256.96
2016-12-13,59281.0,3155.04,11284.65,639.71,26697.82,2271.72
2016-12-14,58212.0,3140.53,11244.84,619.19,26602.84,2253.28
2016-12-15,58396.0,3117.68,11366.4,613.76,26519.07,2262.03
2016-12-16,58389.0,3122.98,11404.01,639.64,26489.56,2258.07
2016-12-19,57111.0,3118.08,11426.7,627.91,26374.7,2262.53
2016-12-20,57583.0,3102.88,11464.74,628.26,26307.98,2270.76
2016-12-21,57647.0,3137.43,11468.64,638.99,26242.38,2265.18
2016-12-22,57255.0,3139.56,11456.1,631.85,25979.6,2260.96
2016-12-23,57937.0,3110.15,11449.93,630.28,26040.7,2263.79
2016-12-27,58697.0,3114.66,11472.24,636.19,26213.44,2268.88
2016-12-28,59782.0,3102.24,11474.99,635.74,26210.68,2249.92
2016-12-29,60227.0,3096.1,11451.05,636.67,26366.15,2249.26
2017-01-03,61814.0,3135.92,11584.24,656.61,26643.24,2257.83
2017-01-04,61589.0,3158.79,11584.31,657.54,26633.13,2270.75
2017-01-05,62071.0,3165.41,11584.94,660.3,26878.24,2269.0
2017-01-09,61700.0,3171.24,11563.99,659.33,26726.55,2268.9
2017-01-10,62132.0,3161.67,11583.3,660.56,26899.56,2268.9
2017-01-11,62446.0,3136.75,11646.17,663.37,27140.41,2275.32
2017-01-12,63954.0,3119.29,11521.04,665.21,27247.16,2270.44
2017-01-13,63652.0,3112.76,11629.18,651.7,27238.06,2274.64
2017-01-17,64354.0,3108.77,11540.0,642.5,27235.66,2267.89
2017-01-18,64150.0,3113.01,11599.39,643.47,27257.64,2271.89
2017-01-19,63951.0,3101.3,11596.89,642.51,27308.6,2263.69
2017-01-20,64521.0,3123.14,11630.13,639.16,27034.5,2271.31
2017-01-23,65749.0,3136.77,11545.75,639.27,27117.34,2265.2
2017-01-24,65840.0,3142.55,11594.94,646.51,27375.58,2280.07
2017-02-03,64954.0,3140.17,11651.49,628.92,28240.52,2297.42
2017-02-06,63993.0,3156.98,11509.84,620.75,28439.28,2292.56
2017-02-07,64199.0,3153.09,11549.44,623.37,28335.16,2293.08
2017-02-08,64835.0,3166.98,11543.38,610.86,28289.92,2294.67
2017-02-09,64965.0,3183.18,11642.86,608.79,28329.7,2307.87
2017-02-10,66125.0,3196.7,11666.97,623.79,28334.25,2316.1
2017-02-13,66968.0,3216.84,11774.43,629.14,28351.62,2328.25
2017-02-14,66713.0,3217.93,11771.81,633.32,28339.31,2337.58
2017-02-15,67976.0,3212.99,11793.93,626.29,28155.56,2349.25
2017-02-16,67814.0,3229.62,11757.24,629.36,28301.27,2347.22
2017-02-17,67748.0,3202.08,11757.02,639.46,28468.75,2351.16
2017-02-21,69052.0,3253.33,11967.49,655.2,28761.59,2365.38
2017-02-22,68590.0,3261.22,11998.59,647.14,28864.71,2362.82
2017-02-23,67461.0,3251.38,11947.83,649.52,28892.97,2363.81
2017-03-01,66989.0,3246.93,12067.19,656.17,28984.49,2395.96
2017-03-02,65855.0,3230.03,12059.57,656.04,28839.79,2381.92
2017-03-03,66786.0,3218.31,12027.36,649.73,28832.45,2383.12
2017-03-06,66341.0,3233.87,11958.4,643.5,29048.19,2375.31
2017-03-07,65742.0,3242.41,11966.14,643.16,28999.56,2368.39
2017-03-08,64718.0,3240.66,11967.31,649.31,28901.94,2362.98
2017-03-09,64585.0,3216.75,11978.39,648.85,28929.13,2364.87
2017-03-10,64675.0,3212.76,11963.18,648.59,28946.23,2372.6
2017-03-14,64699.0,3239.33,11988.79,638.92,29442.63,2365.45
2017-03-15,66235.0,3241.76,12009.87,632.97,29398.11,2385.26
2017-03-16,65783.0,3268.94,12083.18,636.13,29585.85,2381.38
2017-03-17,64210.0,3237.45,12095.24,644.77,29648.99,2378.25
2017-03-20,64884.0,3250.81,12052.9,644.12,29518.74,2373.47
2017-03-21,62980.0,3261.61,11962.13,640.42,29485.45,2344.02
2017-03-22,63521.0,3245.22,11904.12,640.65,29167.68,2348.45
2017-03-23,63531.0,3248.55,12039.68,640.2,29332.16,2345.96
2017-03-24,63854.0,3269.45,12064.27,635.66,29421.4,2343.98
2017-03-27,64308.0,3266.96,11996.07,646.57,29237.15,2341.59
2017-03-28,64640.0,3252.95,12149.42,664.52,29409.52,2358.57
2017-03-29,65528.0,3241.31,12203.0,668.55,29531.43,2361.13
2017-03-30,65266.0,3210.24,12256.43,670.42,29647.42,2368.06
2017-03-31,64984.0,3222.51,12312.87,666.06,29620.5,2362.72
2017-04-05,64775.0,3270.31,12217.54,669.97,29974.24,2352.95
2017-04-06,64223.0,3281.0,12230.89,671.15,29927.34,2357.49
2017-04-07,64593.0,3286.62,12225.06,681.08,29706.61,2355.54
2017-04-10,64650.0,3269.39,12200.52,681.46,29575.74,2357.16
2017-04-11,64360.0,3288.97,12139.35,680.06,29788.35,2353.78
2017-04-12,63892.0,3273.83,12154.7,685.19,29643.48,2344.93
2017-04-13,62826.0,3275.96,12109.0,683.57,29461.45,2328.95
2017-04-18,64159.0,3196.71,12000.44,677.3,29319.1,2342.19
2017-04-19,63407.0,3170.69,12016.45,678.96,29336.57,2338.17
2017-04-20,63761.0,3172.1,12027.32,674.4,29422.39,2355.84
2017-04-24,64389.0,3129.53,12454.98,683.3,29655.84,2374.15
2017-04-25,65148.0,3134.57,12467.04,697.32,29943.24,2388.61
2017-04-26,64862.0,3140.85,12472.8,706.4,30133.35,2387.45
2017-04-27,64677.0,3152.19,12443.79,706.51,30029.74,2388.77
2017-04-28,65403.0,3154.66,12438.01,712.17,29918.4,2384.2
2017-05-02,66722.0,3143.71,12507.9,733.93,29921.18,2391.17
2017-05-03,66094.0,3135.35,12527.84,748.61,29894.8,2388.13
2017-05-04,64863.0,3127.37,12647.78,748.92,30126.21,2389.52
2017-05-05,65710.0,3103.04,12716.89,753.99,29858.8,2399.29
2017-05-08,65526.0,3078.61,12694.55,763.42,29926.15,2399.38
2017-05-09,66278.0,3080.53,12749.12,778.37,29933.25,2396.92
2017-05-10,67350.0,3052.78,12757.46,791.97,30248.17,2399.63
2017-05-11,67538.0,3061.5,12711.06,797.16,30250.98,2394.44
2017-05-12,68222.0,3083.51,12770.41,789.13,30188.15,2390.9
2017-05-15,68474.0,3090.23,12807.04,782.32,30322.12,2402.32
2017-05-16,68685.0,3112.96,12804.53,788.78,30582.6,2400.67
2017-05-17,67540.0,3104.44,12631.61,789.08,30658.77,2357.03
2017-05-18,61597.0,3090.14,12590.06,782.83,30434.79,2365.72
2017-05-19,62639.0,3090.63,12638.69,784.17,30464.92,2381.73
2017-05-22,61673.0,3075.68,12619.46,788.53,30570.97,2394.02
2017-05-23,62662.0,3061.95,12659.15,783.03,30365.25,2398.42
2017-05-24,63257.0,3064.08,12642.87,766.03,30301.64,2404.39
2017-05-25,63227.0,3107.83,12621.72,771.82,30750.03,2415.07
2017-05-26,64085.0,3110.06,12602.18,778.35,31028.21,2415.82
2017-05-31,62711.0,3117.18,12615.06,775.24,31145.8,2411.8
2017-06-01,62289.0,3102.62,12664.92,781.85,31137.59,2430.06
2017-06-02,62511.0,3105.54,12822.94,786.57,31273.29,2439.07
2017-06-06,62955.0,3102.13,12690.12,777.53,31190.56,2429.33
2017-06-07,63171.0,3140.32,12672.49,774.29,31271.28,2433.14
2017-06-08,62756.0,3150.33,12713.58,779.05,31213.36,2433.79
2017-06-09,62211.0,3158.4,12815.72,782.1,31262.06,2431.77
2017-06-12,61700.0,3139.88,12690.44,784.6,31095.7,2429.39
2017-06-13,61829.0,3153.74,12764.98,797.13,31103.49,2440.35
2017-06-14,61923.0,3130.67,12805.95,800.97,31155.91,2437.92
2017-06-16,61626.0,3123.17,12752.73,806.12,31056.4,2433.15
2017-06-19,62014.0,3144.37,12888.95,821.22,31311.57,2453.46
2017-06-20,60766.0,3140.01,12814.79,827.01,31297.53,2437.03
2017-06-21,60762.0,3156.21,12774.26,823.32,31283.64,2435.61
2017-06-22,61272.0,3147.45,12794.0,814.81,31290.74,2434.5
2017-06-23,61087.0,3157.87,12733.41,820.52,31138.21,2438.3
2017-06-27,61675.0,3191.2,12671.02,822.77,30958.25,2419.38
2017-06-28,62018.0,3173.2,12647.27,822.62,30834.32,2440.69
2017-06-29,62239.0,3188.06,12416.19,819.72,30857.52,2419.7
2017-06-30,62900.0,3192.43,12325.12,823.74,30921.61,2423.41
2017-07-03,63280.0,3195.91,12475.31,827.65,31221.62,2429.01
2017-07-05,63154.0,3207.13,12453.68,841.34,31245.56,2432.54
2017-07-06,62470.0,3212.44,12381.25,843.25,31369.34,2409.75
2017-07-07,62322.0,3217.96,12388.68,837.43,31360.63,2425.18
2017-07-10,63025.0,3212.63,12445.92,843.83,31715.64,2427.43
2017-07-11,63832.0,3203.04,12437.02,844.33,31747.09,2425.53
2017-07-12,64836.0,3197.54,12626.58,843.22,31804.82,2443.25
2017-07-13,65178.0,3218.16,12641.33,853.54,32037.38,2447.83
2017-07-14,65436.0,3222.42,12631.72,856.47,32020.75,2459.27
2017-07-17,65212.0,3176.46,12587.16,858.08,32074.78,2459.14
2017-07-18,65338.0,3187.57,12430.39,848.07,31710.99,2460.61
2017-07-19,65180.0,3230.98,12452.05,853.54,31955.35,2473.83
2017-07-20,64938.0,3244.86,12447.25,854.54,31904.4,2473.45
2017-07-21,64684.0,3237.98,12240.06,845.97,32028.89,2472.54
2017-07-24,65100.0,3250.6,12208.95,849.07,32245.87,2469.91
2017-07-25,65668.0,3243.69,12264.31,843.05,32228.27,2477.13
2017-07-26,65011.0,3247.67,12305.11,830.21,32382.46,2477.83
2017-07-27,65277.0,3249.78,12212.04,818.63,32383.3,2475.42
2017-07-28,65497.0,3253.24,12162.7,820.02,32309.88,2472.1
2017-07-31,65920.0,3273.03,12118.25,812.21,32514.94,2470.3
2017-08-01,66516.0,3292.64,12251.29,817.74,32575.17,2476.35
2017-08-02,67136.0,3285.06,12181.48,826.02,32476.74,2477.57
2017-08-03,66777.0,3272.93,12154.72,825.8,32237.88,2472.16
2017-08-04,66898.0,3262.08,12297.72,829.5,32325.41,2476.83
2017-08-07,67940.0,3279.46,12257.17,827.86,32273.67,2480.91
2017-08-08,67899.0,3281.87,12292.05,830.44,32014.19,2474.92
2017-08-09,67671.0,3275.57,12154.0,833.61,31797.84,2474.02
2017-08-10,66992.0,3261.75,12014.3,833.78,31531.33,2438.21
2017-08-11,67359.0,3208.54,12014.06,823.55,31213.59,2441.32
2017-08-14,68285.0,3237.36,12165.12,827.77,31449.03,2465.84
2017-08-16,68594.0,3246.45,12263.86,842.41,31770.89,2468.11
2017-08-17,67977.0,3268.43,12203.46,832.06,31795.46,2430.01
2017-08-18,68715.0,3268.72,12165.19,824.85,31524.68,2425.55
2017-08-21,68635.0,3286.91,12065.99,826.46,31258.85,2428.37
2017-08-22,70011.0,3290.23,12229.34,832.78,31291.85,2452.51
2017-08-23,70478.0,3287.7,12174.3,829.16,31568.01,2444.04
2017-08-24,71133.0,3271.51,12180.83,835.55,31596.06,2438.97
2017-08-28,71017.0,3362.65,12123.47,838.47,31750.82,2444.24
2017-08-29,71330.0,3365.23,11945.88,822.67,31388.39,2446.3
2017-08-30,70886.0,3363.63,12002.47,823.65,31646.46,2457.59
2017-08-31,70835.0,3360.81,12055.84,825.48,31730.49,2471.65
2017-09-01,71923.0,3367.12,12142.64,818.66,31892.23,2476.55
2017-09-05,72151.0,3384.32,12123.71,812.85,31809.55,2457.85
2017-09-06,73412.0,3385.39,12214.54,811.7,31661.97,2465.54
2017-09-08,73079.0,3365.24,12303.98,802.72,31687.52,2461.43
2017-09-11,74319.0,3376.42,12475.24,806.06,31882.16,2488.11
2017-09-12,74539.0,3379.49,12524.77,810.75,32158.66,2496.48
2017-09-13,74788.0,3384.15,12553.57,809.98,32186.41,2498.37
2017-09-14,74657.0,3371.43,12540.45,790.97,32241.93,2495.62
2017-09-15,75757.0,3353.62,12518.81,776.2,32272.61,2500.23
2017-09-18,75990.0,3362.86,12559.39,760.79,32423.76,2503.87
2017-09-19,75974.0,3356.84,12561.79,762.86,32402.37,2506.65
2017-09-20,76004.0,3366.0,12569.17,757.98,32400.51,2508.24
2017-09-21,75604.0,3357.81,12600.03,765.99,32370.04,2500.6
2017-09-22,75390.0,3352.53,12592.35,773.94,31922.44,2502.22
2017-09-25,74443.0,3341.55,12594.81,742.49,31626.63,2496.66
2017-09-26,74319.0,3343.58,12605.2,740.37,31599.76,2496.84
2017-09-27,73797.0,3345.27,12657.41,736.64,31159.81,2507.04
2017-09-28,73567.0,3339.64,12704.65,754.76,31282.48,2510.06
2017-09-29,74294.0,3348.94,12828.86,755.61,31283.72,2519.36
2017-10-09,75727.0,3374.38,12976.4,750.17,31846.89,2544.73
2017-10-10,76897.0,3382.99,12949.25,755.03,31924.41,2550.64
2017-10-11,76660.0,3388.28,12970.68,748.61,31833.99,2555.24
2017-10-13,76990.0,3390.52,12991.87,761.35,32432.69,2553.17
2017-10-16,76892.0,3378.47,13003.7,765.72,32633.64,2557.64
2017-10-17,76201.0,3372.04,12995.06,761.82,32609.16,2559.36
2017-10-18,76591.0,3381.79,13043.03,757.49,32584.35,2561.26
2017-10-19,76283.0,3370.17,12990.1,746.45,32572.93,2562.1
2017-10-23,75413.0,3380.7,13003.14,734.52,32506.72,2564.98
2017-10-24,76350.0,3388.25,13013.19,737.19,32607.34,2569.13
2017-10-25,76671.0,3396.9,12953.41,737.25,33042.5,2557.15
2017-10-26,75896.0,3407.57,13133.28,739.8,33147.13,2560.4
2017-10-27,75976.0,3416.81,13217.54,739.22,33157.22,2581.07
2017-10-30,74800.0,3390.34,13229.57,743.57,33266.16,2572.83
2017-11-01,73824.0,3395.91,13465.51,767.07,33600.27,2579.36
2017-11-03,73915.0,3371.74,13478.86,763.56,33685.56,2587.84
2017-11-06,74311.0,3388.17,13468.79,761.91,33731.19,2591.13
2017-11-07,72415.0,3413.57,13379.27,748.44,33370.76,2590.64
2017-11-08,74363.0,3415.46,13382.42,741.98,33218.81,2594.38
2017-11-09,72931.0,3427.79,13182.56,741.13,33250.93,2584.62
2017-11-10,72166.0,3432.67,13127.47,734.12,33314.56,2582.3
2017-11-13,72475.0,3447.84,13074.42,717.47,33033.56,2584.84
2017-11-14,70827.0,3429.55,13033.48,720.18,32941.87,2578.87
2017-11-16,72512.0,3399.25,13047.22,701.36,33106.82,2585.64
2017-11-17,73437.0,3382.91,12993.73,712.46,33342.8,2578.85
2017-11-21,74595.0,3410.5,13167.54,721.67,33478.35,2599.03
2017-11-22,74519.0,3430.46,13015.04,720.13,33561.55,2597.08
2017-11-24,74157.0,3353.82,13059.84,723.18,33679.24,2602.42
2017-11-27,74059.0,3322.23,13000.2,724.39,33724.44,2601.42
2017-11-28,74140.0,3333.66,13059.53,726.17,33618.59,2627.04
2017-11-29,72700.0,3337.86,13061.87,738.31,33602.76,2626.07
2017-11-30,71971.0,3317.19,13023.98,740.2,33149.35,2647.58
2017-12-01,72264.0,3317.62,12861.49,748.66,32832.94,2642.22
2017-12-04,73090.0,3309.62,13058.55,741.84,32869.72,2639.44
2017-12-05,72546.0,3303.68,13048.54,730.43,32802.44,2629.57
2017-12-06,73268.0,3293.96,12998.85,727.53,32597.18,2629.27
2017-12-07,72487.0,3272.05,13045.15,728.76,32949.21,2636.98
2017-12-08,72732.0,3289.99,13153.7,740.72,33250.3,2651.5
2017-12-11,72800.0,3322.2,13123.65,738.47,33455.79,2659.99
2017-12-12,73814.0,3280.81,13183.53,738.44,33227.99,2664.11
2017-12-13,72914.0,3303.04,13125.64,749.76,33053.04,2662.85
2017-12-14,72429.0,3292.44,13068.08,767.57,33246.7,2652.01
2017-12-15,72608.0,3266.14,13103.56,767.76,33462.97,2675.81
2017-12-18,73115.0,3267.92,13312.3,783.76,33601.68,2690.16
2017-12-19,72680.0,3296.54,13215.79,783.99,33836.74,2681.47
2017-12-20,73367.0,3287.61,13069.17,789.74,33777.38,2679.25
2017-12-21,75133.0,3300.06,13109.74,793.12,33756.28,2684.57
2017-12-22,75187.0,3297.06,13072.79,804.05,33940.3,2683.34
2017-12-27,76073.0,3275.78,13070.02,809.23,33911.81,2682.62
2017-12-28,76402.0,3296.38,12979.94,799.05,33848.03,2687.54
2018-01-02,77891.0,3348.33,12871.39,818.51,33812.26,2695.81
2018-01-03,77995.0,3369.11,12978.21,817.34,33793.38,2713.06
2018-01-04,78647.0,3385.71,13167.89,825.78,33969.64,2723.99
2018-01-05,79071.0,3391.75,13319.64,829.72,34153.85,2743.15
2018-01-08,79379.0,3409.48,13367.78,837.13,34352.79,2747.71
2018-01-09,78864.0,3413.9,13385.59,841.28,34443.19,2751.29
2018-01-10,78201.0,3421.83,13281.34,836.28,34433.07,2748.23
2018-01-11,79365.0,3425.34,13202.9,846.98,34503.49,2767.56
2018-01-12,79349.0,3428.94,13245.03,851.12,34592.39,2786.24
2018-01-16,79832.0,3436.59,13246.33,852.81,34771.05,2776.42
2018-01-17,81189.0,3444.67,13183.96,841.51,35081.82,2802.56
2018-01-18,80963.0,3474.75,13281.43,837.56,35260.29,2798.03
2018-01-19,81220.0,3487.86,13434.45,847.56,35511.58,2810.3
2018-01-22,81675.0,3501.36,13463.69,858.12,35798.01,2832.97
2018-01-23,80678.0,3546.5,13559.6,872.0,36139.98,2839.13
2018-01-24,83680.0,3559.47,13414.74,883.98,36161.64,2837.54
2018-01-29,84698.0,3523.0,13324.48,886.54,36283.25,2853.53
2018-01-30,84482.0,3488.01,13197.71,868.08,36033.73,2822.43
2018-01-31,84913.0,3480.83,13189.48,878.83,35965.02,2823.81
2018-02-01,85495.0,3446.98,13003.9,886.44,35906.66,2821.98
2018-02-02,84041.0,3462.08,12785.16,875.38,35066.75,2762.13
2018-02-05,81861.0,3487.5,12687.49,853.67,34757.16,2648.94
2018-02-06,83894.0,3370.65,12392.66,838.8,34195.94,2695.14
2018-02-07,82767.0,3309.26,12590.43,849.94,34082.71,2681.66
2018-02-08,81533.0,3262.05,12260.29,841.38,34413.16,2581.0
2018-02-09,80899.0,3129.85,12107.48,828.78,34005.76,2619.55
2018-02-14,83543.0,3199.16,12339.16,825.64,34155.95,2698.63
2018-02-22,86686.0,3268.56,12461.91,845.34,33819.5,2703.96
2018-02-23,87293.0,3289.02,12483.79,844.12,34142.15,2747.3
2018-02-26,87653.0,3329.57,12527.04,837.04,34445.75,2779.6
2018-02-27,86935.0,3292.07,12490.73,837.77,34346.39,2744.28
2018-02-28,85354.0,3259.41,12435.85,835.66,34184.04,2713.83
2018-03-01,85378.0,3273.75,12190.94,831.0,34046.94,2677.67
2018-03-05,86023.0,3256.93,12090.87,794.51,33746.78,2720.94
2018-03-06,85653.0,3289.64,12113.87,799.2,33317.2,2728.12
2018-03-07,85484.0,3271.67,12245.36,798.41,33033.09,2726.8
2018-03-08,84985.0,3288.41,12355.57,812.53,33351.57,2738.97
2018-03-09,86371.0,3307.17,12346.68,821.57,33307.14,2786.57
2018-03-12,86900.0,3326.7,12418.39,831.74,33917.94,2783.02
2018-03-13,86384.0,3310.24,12221.03,829.33,33856.78,2765.31
2018-03-14,86051.0,3291.38,12237.74,823.82,33835.74,2749.48
2018-03-15,84928.0,3291.11,12345.56,817.69,33685.54,2747.33
2018-03-16,84886.0,3269.88,12389.58,813.91,33176.0,2752.01
2018-03-19,83913.0,3279.25,12217.02,807.44,32923.12,2712.92
2018-03-20,84164.0,3290.64,12307.33,805.58,32996.76,2716.94
2018-03-21,84977.0,3280.95,12309.15,800.1,33136.18,2711.93
2018-03-22,84768.0,3263.48,12100.08,787.5,33006.27,2643.69
2018-03-23,84377.0,3152.76,11886.31,785.72,32596.54,2588.26
2018-03-26,85088.0,3133.72,11787.26,790.05,33066.41,2658.55
2018-03-27,83808.0,3166.65,11970.83,794.56,33174.39,2612.62
2018-03-28,83874.0,3122.29,11940.71,790.8,32968.68,2605.0
2018-04-03,84623.0,3136.63,12002.45,779.45,33370.63,2614.45
2018-04-04,84360.0,3131.11,11957.9,781.14,33019.07,2644.69
2018-04-10,84510.0,3190.32,12397.32,810.54,33880.25,2656.87
2018-04-11,85246.0,3208.08,12293.97,799.31,33940.44,2642.19
2018-04-12,85444.0,3180.16,12415.01,806.08,34101.13,2663.99
2018-04-13,84334.0,3159.05,12442.4,810.93,34192.65,2656.3
2018-04-16,82862.0,3110.65,12391.41,820.88,34305.43,2677.84
2018-04-17,84086.0,3066.8,12585.57,836.94,34395.06,2706.39
2018-04-18,85776.0,3091.4,12590.83,842.34,34331.68,2708.64
2018-04-19,85824.0,3117.38,12567.42,848.71,34427.29,2693.13
2018-04-20,85550.0,3071.54,12540.5,844.7,34415.58,2670.14
2018-04-23,85603.0,3068.01,12572.39,838.63,34450.77,2670.29
2018-04-24,85469.0,3128.93,12550.82,837.53,34616.64,2634.56
2018-04-25,85044.0,3117.97,12422.3,825.93,34501.27,2639.4
2018-04-26,86383.0,3075.03,12500.47,835.8,34713.6,2666.94
2018-04-27,86445.0,3082.23,12580.87,849.26,34969.7,2669.91
2018-05-02,84547.0,3081.18,12802.25,858.06,35176.42,2635.67
2018-05-03,83288.0,3100.86,12690.15,839.34,35103.14,2629.73
2018-05-04,83118.0,3091.03,12819.6,823.89,34915.38,2663.42
2018-05-07,82714.0,3136.64,12948.14,810.72,35208.14,2672.63
2018-05-08,82956.0,3161.5,12912.21,817.92,35216.32,2671.92
2018-05-09,84265.0,3159.15,12943.06,818.67,35319.35,2697.79
2018-05-10,85861.0,3174.41,13022.87,817.66,35246.27,2723.07
2018-05-11,85220.0,3163.26,13001.24,822.37,35535.79,2727.72
2018-05-14,85232.0,3174.03,12977.71,815.99,35556.71,2730.13
2018-05-15,85130.0,3192.12,12970.04,799.37,35543.94,2711.45
2018-05-16,86537.0,3169.57,12996.33,787.9,35387.88,2722.46
2018-05-17,83622.0,3154.28,13114.61,786.2,35149.12,2720.13
2018-05-18,83082.0,3193.3,13077.72,782.8,34848.3,2712.97
2018-05-22,82739.0,3214.35,13169.92,797.65,34651.24,2724.44
2018-05-23,80867.0,3168.96,12976.84,784.93,34344.91,2733.29
2018-05-24,80122.0,3154.65,12855.09,770.89,34663.11,2727.76
2018-05-25,78898.0,3141.3,12938.01,755.63,34924.87,2721.33
2018-05-29,76072.0,3120.46,12666.51,738.08,34949.24,2689.86
2018-05-30,76754.0,3041.44,12783.76,749.28,34906.11,2724.01
2018-06-01,77240.0,3075.14,12724.27,776.77,35227.26,2734.62
2018-06-04,78596.0,3091.19,12770.75,778.57,35011.89,2746.87
2018-06-05,76642.0,3114.21,12787.13,789.32,34903.21,2748.8
2018-06-06,76117.0,3115.18,12830.07,781.05,35178.88,2772.35
2018-06-07,73851.0,3109.5,12811.05,778.62,35463.08,2770.37
2018-06-08,72942.0,3067.15,12766.55,773.06,35443.67,2779.03
2018-06-11,72308.0,3052.78,12842.91,758.96,35483.47,2782.0
2018-06-12,72754.0,3079.8,12842.3,762.43,35692.52,2786.85
2018-06-13,72122.0,3049.8,12890.58,769.68,35739.16,2775.63
2018-06-14,71421.0,3044.16,13107.1,778.71,35599.82,2782.49
2018-06-15,70758.0,3021.9,13010.55,763.45,35622.14,2779.66
2018-06-19,71394.0,2907.82,12677.97,766.13,35286.74,2762.59
2018-06-20,72123.0,2915.73,12695.16,765.89,35547.33,2767.32
2018-06-21,70075.0,2875.81,12511.91,772.89,35432.39,2749.76
2018-06-22,70641.0,2889.76,12579.72,771.18,35689.6,2754.88
2018-06-25,70953.0,2859.34,12270.33,777.08,35470.35,2717.07
2018-06-26,71405.0,2844.51,12234.34,768.89,35490.04,2723.06
2018-06-27,70609.0,2813.18,12348.61,767.91,35217.11,2699.63
2018-06-28,71767.0,2786.9,12177.23,748.03,35037.64,2716.31
2018-06-29,72763.0,2847.42,12306.0,757.57,35423.48,2718.37
2018-07-02,72840.0,2775.56,12238.17,748.21,35264.41,2726.71
2018-07-03,73668.0,2786.89,12349.14,745.91,35378.6,2713.22
2018-07-05,74553.0,2733.88,12464.29,748.57,35574.55,2736.61
2018-07-06,75010.0,2747.23,12496.17,747.04,35657.86,2759.82
2018-07-10,74862.0,2827.63,12609.85,755.33,36239.62,2793.84
2018-07-11,74399.0,2777.77,12417.13,746.7,36265.93,2774.02
2018-07-12,75856.0,2837.66,12492.97,752.4,36548.41,2798.29
2018-07-13,76594.0,2831.18,12540.73,761.91,36541.63,2801.31
2018-07-16,76653.0,2814.04,12561.02,765.71,36323.77,2798.43
2018-07-17,78130.0,2798.13,12661.54,765.35,36519.96,2809.55
2018-07-18,77363.0,2787.26,12765.94,773.78,36373.44,2815.62
2018-07-19,77487.0,2772.55,12686.29,766.64,36351.23,2804.49
2018-07-20,78571.0,2829.27,12561.42,754.36,36496.37,2801.83
2018-07-23,77996.0,2859.54,12548.57,751.5,36718.6,2806.98
2018-07-24,79155.0,2905.56,12689.39,750.27,36825.1,2820.4
2018-07-25,80218.0,2903.65,12579.33,752.78,36858.23,2846.07
2018-07-26,79405.0,2882.23,12809.23,755.41,36984.64,2837.44
2018-07-27,79866.0,2873.59,12860.4,751.43,37336.85,2818.82
2018-07-30,80276.0,2869.05,12798.2,758.18,37494.4,2802.6
2018-07-31,79220.0,2876.4,12805.5,761.23,37606.58,2816.29
2018-08-01,79302.0,2824.53,12737.05,761.66,37521.62,2813.36
2018-08-02,79637.0,2768.02,12546.33,755.93,37165.16,2827.22
2018-08-03,81435.0,2740.44,12615.76,761.69,37556.16,2840.35
2018-08-06,81051.0,2705.16,12598.21,759.63,37691.89,2850.4
2018-08-07,80347.0,2779.37,12648.19,761.29,37665.8,2858.45
2018-08-08,79152.0,2744.07,12633.54,758.04,37887.56,2857.7
2018-08-09,78768.0,2794.38,12676.11,754.65,38024.37,2853.58
2018-08-10,76514.0,2795.31,12424.35,743.73,37869.23,2833.28
2018-08-13,77496.0,2785.87,12358.74,720.71,37644.9,2821.93
2018-08-14,78602.0,2780.96,12358.87,720.32,37852.0,2839.96
2018-08-16,76819.0,2705.19,12237.17,707.77,37663.56,2840.69
2018-08-17,76029.0,2668.97,12210.55,710.35,37947.88,2850.13
2018-08-20,76328.0,2698.47,12331.3,712.61,38278.75,2857.05
2018-08-21,75180.0,2733.83,12384.49,705.2,38285.75,2862.96
2018-08-23,75634.0,2724.62,12365.58,731.19,38336.76,2856.98
2018-08-24,76262.0,2729.43,12394.52,724.85,38251.8,2874.69
2018-08-27,77930.0,2780.9,12538.31,736.27,38694.11,2896.74
2018-08-28,77473.0,2777.98,12527.42,737.47,38896.63,2897.52
2018-08-29,78389.0,2769.29,12561.68,742.96,38722.93,2914.04
2018-08-30,76404.0,2737.74,12494.24,739.7,38690.1,2901.13
2018-08-31,76678.0,2725.25,12364.06,729.62,38645.07,2901.52
2018-09-04,74712.0,2750.58,12210.21,710.24,38157.92,2896.72
2018-09-05,75092.0,2704.34,12040.46,696.09,38018.31,2888.6
2018-09-06,76416.0,2691.59,11955.25,688.77,38242.81,2878.05
2018-09-10,76436.0,2669.48,11986.34,705.03,37922.17,2877.13
2018-09-11,74657.0,2664.8,11970.27,692.04,37413.13,2887.89
2018-09-12,75125.0,2656.11,12032.3,690.27,37717.96,2888.92
2018-09-14,75429.0,2681.64,12124.33,681.69,38090.64,2904.98
2018-09-17,76789.0,2651.79,12096.41,682.75,37585.51,2888.8
2018-09-18,78314.0,2699.95,12157.67,686.68,37290.67,2904.31
2018-09-19,78169.0,2730.85,12219.02,689.59,37121.22,2907.95
2018-09-21,79444.0,2797.48,12430.88,698.74,36841.6,2929.67
2018-09-25,78630.0,2781.14,12374.66,699.89,36652.06,2915.56
2018-09-26,78656.0,2806.81,12385.89,701.89,36542.27,2905.97
2018-09-27,80000.0,2791.77,12435.59,707.92,36324.17,2914.0
2018-09-28,79342.0,2821.35,12246.73,691.69,36227.14,2913.98
2018-10-08,86084.0,2716.51,11947.16,641.79,34474.38,2884.43
2018-10-09,86088.0,2721.01,11977.22,626.17,34299.47,2880.34
2018-10-10,83679.0,2725.84,11712.5,625.83,34760.89,2785.68
2018-10-11,82921.0,2583.46,11539.35,626.86,34001.15,2728.37
2018-10-15,83360.0,2568.1,11614.16,634.47,34865.1,2750.79
2018-10-16,85718.0,2546.33,11776.55,644.66,35162.48,2809.92
2018-10-17,85764.0,2561.61,11715.03,637.08,34779.58,2809.21
2018-10-19,84220.0,2550.47,11553.83,624.81,34315.63,2767.78
2018-10-22,85597.0,2654.88,11524.34,626.61,34134.38,2755.88
2018-10-23,85300.0,2594.83,11274.28,619.47,33847.23,2740.69
2018-10-24,83064.0,2603.3,11191.63,632.56,34033.96,2656.1
2018-10-25,84084.0,2603.8,11307.12,633.46,33690.09,2705.57
2018-10-26,85720.0,2598.85,11200.62,633.27,33349.31,2658.69
2018-10-29,83797.0,2542.1,11335.48,640.07,34067.4,2641.25
2018-10-30,86886.0,2568.05,11287.39,636.65,33891.13,2682.63
2018-10-31,87424.0,2602.78,11447.51,640.15,34442.05,2711.74
2018-11-01,88419.0,2606.24,11468.54,619.32,34431.97,2740.37
2018-11-05,89598.0,2665.43,11494.96,618.84,34950.92,2738.31
2018-11-06,88669.0,2659.36,11484.34,629.84,34991.91,2755.45
2018-11-07,87714.0,2641.34,11579.1,640.75,35237.68,2813.89
2018-11-09,85641.0,2598.87,11529.16,643.42,35158.55,2781.01
2018-11-12,85525.0,2630.52,11325.44,635.2,34812.99,2726.22
2018-11-13,84914.0,2654.88,11472.22,644.0,35144.49,2722.18
2018-11-14,85973.0,2632.24,11412.53,634.64,35141.99,2701.58
2018-11-16,88515.0,2679.11,11341.0,625.69,35457.16,2736.27
2018-11-19,87901.0,2703.51,11244.54,617.18,35774.88,2690.73
2018-11-21,87269.0,2651.51,11244.17,599.95,35199.8,2649.93
2018-11-26,85547.0,2575.81,11354.72,603.43,35354.08,2673.45
2018-11-27,87891.0,2574.68,11309.11,604.26,35513.14,2682.17
2018-11-28,89251.0,2601.74,11298.88,603.11,35716.95,2743.79
2018-11-29,89710.0,2567.44,11298.23,618.16,36170.41,2737.76
2018-11-30,89504.0,2588.19,11257.24,630.23,36194.3,2760.17
2018-12-03,89820.0,2654.8,11465.46,659.72,36241.0,2790.37
2018-12-04,88624.0,2665.96,11335.32,656.96,36134.31,2700.06
2018-12-06,88846.0,2605.18,10810.98,652.04,35312.13,2695.95
2018-12-07,88115.0,2605.89,10788.09,648.71,35673.25,2633.08
2018-12-10,85915.0,2584.58,10622.07,638.2,34959.72,2637.72
2018-12-11,86420.0,2594.09,10780.51,635.84,35150.01,2636.78
2018-12-12,86977.0,2602.15,10929.43,646.16,35779.07,2651.07
2018-12-13,87838.0,2634.05,10924.7,648.49,35929.64,2650.54
2018-12-14,87450.0,2593.74,10865.77,645.24,35962.93,2599.95
2018-12-17,86400.0,2597.97,10772.2,632.04,36270.07,2545.94
2018-12-18,86610.0,2576.65,10740.89,625.31,36347.08,2546.16
2018-12-19,85674.0,2549.56,10766.21,618.98,36484.33,2506.96
2018-12-20,85269.0,2536.27,10611.1,613.5,36431.67,2467.42
2018-12-21,85697.0,2516.25,10633.82,608.58,35742.07,2416.62
2018-12-27,85460.0,2483.09,10381.51,597.83,35807.28,2488.83
2018-12-28,87887.0,2493.9,10558.96,603.84,36076.72,2485.74
2019-01-02,91012.0,2465.29,10580.19,605.34,35891.52,2510.03
2019-01-03,91564.0,2464.36,10416.66,607.05,35513.71,2447.89
2019-01-04,91841.0,2514.87,10767.69,615.69,35695.1,2531.94
2019-01-07,91699.0,2533.09,10747.81,620.6,35850.16,2549.69
2019-01-08,92032.0,2526.46,10803.98,626.13,35980.93,2574.41
2019-01-09,93613.0,2544.34,10893.32,638.22,36212.91,2584.96
2019-01-10,93806.0,2535.1,10921.59,633.2,36106.5,2596.64
2019-01-11,93658.0,2553.83,10887.46,635.7,36009.84,2596.26
2019-01-14,94474.0,2535.77,10855.91,629.88,35853.56,2582.61
2019-01-15,94056.0,2570.34,10891.79,622.78,36318.33,2610.3
2019-01-16,94393.0,2570.42,10931.24,622.76,36321.29,2616.1
2019-01-17,95351.0,2559.64,10918.62,616.96,36374.08,2635.96
2019-01-18,96097.0,2596.01,11205.54,617.37,36386.61,2670.71
2019-01-22,95103.0,2579.7,11090.11,630.17,36444.64,2632.9
2019-01-23,96558.0,2581.0,11071.54,631.32,36108.47,2638.7
2019-01-24,97677.0,2591.69,11130.18,632.34,36195.1,2642.33
2019-01-28,95444.0,2596.98,11210.31,630.7,35656.7,2643.85
2019-01-29,95639.0,2594.25,11218.83,635.51,35592.5,2640.0
2019-01-30,96996.0,2575.58,11181.66,635.67,35591.25,2681.05
2019-01-31,97394.0,2584.57,11173.1,634.64,36256.69,2704.1
2019-02-01,97861.0,2618.23,11180.66,641.48,36469.43,2706.53
2019-02-11,94413.0,2653.9,11014.59,654.57,36395.03,2709.8
2019-02-12,96168.0,2671.89,11126.08,655.09,36153.62,2744.73
2019-02-13,95842.0,2721.07,11167.22,656.08,36034.11,2753.03
2019-02-14,98015.0,2719.7,11089.79,654.03,35876.22,2745.73
2019-02-15,97526.0,2682.39,11299.8,655.1,35808.95,2775.6
2019-02-19,97659.0,2755.65,11309.21,666.96,35352.61,2779.76
2019-02-20,96545.0,2761.22,11401.97,671.5,35756.26,2784.7
2019-02-21,96932.0,2751.8,11423.28,677.17,35898.35,2774.88
2019-02-22,97886.0,2804.23,11457.7,676.87,35871.48,2792.67
2019-02-25,97240.0,2961.28,11505.39,686.77,36213.38,2796.11
2019-02-26,97603.0,2941.52,11540.79,692.84,35973.71,2793.9
2019-02-27,97307.0,2953.82,11487.33,695.24,35905.43,2792.38
2019-02-28,95584.0,2940.95,11515.64,707.51,35867.44,2784.49
2019-03-01,94604.0,2994.01,11601.68,712.61,36063.81,2803.69
2019-03-06,94217.0,3102.1,11587.63,707.17,36636.1,2771.45
2019-03-07,94340.0,3106.42,11517.8,704.43,36725.42,2748.93
2019-03-08,95365.0,2969.86,11457.84,696.56,36671.43,2743.07
2019-03-12,97828.0,3060.31,11524.17,703.91,37535.66,2791.52
2019-03-13,98904.0,3026.95,11572.41,710.19,37752.17,2810.92
2019-03-14,98605.0,2990.68,11587.47,719.9,37754.89,2808.48
2019-03-15,99137.0,3021.75,11685.69,722.12,38024.32,2822.48
2019-03-18,99994.0,3096.42,11657.06,725.41,38095.07,2832.94
2019-03-19,99588.0,3090.97,11788.41,714.44,38363.47,2832.57
2019-03-20,98041.0,3090.64,11603.89,715.47,38386.75,2824.23
2019-03-22,93735.0,3104.15,11364.17,708.24,38164.61,2800.71
2019-03-26,95307.0,2997.1,11419.48,712.25,38233.41,2818.46
2019-03-27,91903.0,3022.72,11419.04,713.73,38132.88,2805.37
2019-03-28,94389.0,2994.94,11428.16,713.66,38545.72,2815.44
2019-03-29,95415.0,3090.76,11526.04,721.37,38672.91,2834.4
2019-04-01,96054.0,3170.36,11681.99,741.01,38871.87,2867.19
2019-04-02,95387.0,3176.82,11754.79,743.46,39056.65,2867.24
2019-04-03,94491.0,3216.3,11954.4,749.4,38877.12,2873.4
2019-04-04,96313.0,3246.57,11988.01,745.0,38684.72,2879.39
2019-04-08,97369.0,3244.81,11963.4,753.58,38700.53,2895.77
2019-04-09,96292.0,3239.66,11850.57,753.16,38939.22,2878.2
2019-04-10,95953.0,3241.93,11905.91,755.53,38585.35,2888.21
2019-04-11,94755.0,3189.96,11935.2,764.13,38607.01,2888.32
2019-04-12,92875.0,3188.63,11999.93,765.67,38767.11,2907.41
2019-04-15,93083.0,3177.79,12020.28,773.51,38905.84,2905.58
2019-04-16,94333.0,3253.6,12101.32,775.78,39275.64,2907.06
2019-04-18,94578.0,3250.2,12222.39,778.42,39140.28,2905.03
2019-04-23,95923.0,3198.59,12235.51,776.4,38564.88,2933.68
2019-04-24,95045.0,3201.61,12313.16,772.66,39054.68,2927.25
2019-04-25,96552.0,3123.83,12282.6,772.74,38730.86,2926.17
2019-04-30,96353.0,3078.34,12344.08,773.24,39031.55,2945.83
2019-05-06,95009.0,2906.46,12286.88,754.2,38600.34,2932.47
2019-05-07,94389.0,2926.39,12092.74,758.97,38276.63,2884.05
2019-05-08,95597.0,2893.76,12179.93,743.01,37789.13,2879.42
2019-05-09,94808.0,2850.95,11973.92,728.62,37558.91,2870.72
2019-05-10,94258.0,2939.21,12059.83,736.01,37462.99,2881.4
2019-05-13,91727.0,2903.71,11876.65,724.65,37090.82,2811.87
2019-05-14,92092.0,2883.61,11991.62,732.06,37318.53,2834.41
2019-05-15,91623.0,2938.68,12099.57,722.88,37114.88,2850.96
2019-05-16,90024.0,2955.71,12310.37,726.51,37393.48,2876.32
2019-05-17,89993.0,2882.3,12238.94,729.31,37930.77,2859.53
2019-05-20,91946.0,2870.6,12041.29,717.21,39352.67,2840.23
2019-05-21,94485.0,2905.97,12143.47,733.18,38969.8,2864.36
2019-05-22,94361.0,2891.7,12168.74,731.49,39110.21,2856.27
2019-05-23,93910.0,2852.52,11952.41,725.56,38811.39,2822.24
2019-05-24,93628.0,2852.99,12011.04,732.02,39434.72,2826.06
2019-05-28,96393.0,2909.91,12027.05,794.63,39749.73,2802.39
2019-05-29,96567.0,2914.7,11837.81,793.06,39502.05,2783.02
2019-05-30,97457.0,2905.81,11902.08,818.33,39831.97,2788.86
2019-05-31,97030.0,2898.7,11726.84,830.24,39714.2,2752.06
2019-06-03,97020.0,2890.08,11792.81,836.84,40267.62,2744.45
2019-06-04,97380.0,2862.28,11971.17,813.33,40083.54,2803.27
2019-06-06,97205.0,2827.8,11953.14,816.95,39529.72,2843.49
2019-06-11,98960.0,2925.72,12155.81,845.95,39950.46,2885.72
2019-06-12,98321.0,2909.38,12115.68,843.73,39756.81,2879.84
2019-06-13,98774.0,2910.74,12169.05,850.37,39741.36,2891.64
2019-06-14,98040.0,2881.97,12096.4,847.36,39452.07,2886.98
2019-06-18,99404.0,2890.16,12331.75,853.32,39046.34,2917.75
2019-06-19,100303.0,2917.8,12308.53,844.0,39112.74,2926.46
2019-06-21,102013.0,3001.98,12339.92,838.72,39194.49,2950.46
2019-06-24,102062.0,3008.15,12274.57,849.35,39122.96,2945.35
2019-06-25,100093.0,2982.07,12228.44,846.66,39434.94,2917.38
2019-06-26,100689.0,2976.28,12245.32,852.27,39592.08,2913.78
2019-06-27,100724.0,2996.79,12271.03,859.12,39586.41,2924.92
2019-06-28,100967.0,2978.88,12398.8,868.48,39394.64,2941.76
2019-07-01,101340.0,3044.9,12521.38,874.38,39686.5,2964.33
2019-07-02,100605.0,3043.94,12526.72,874.47,39816.48,2973.01
2019-07-03,102043.0,3015.26,12616.24,891.31,39839.25,2995.82
2019-07-05,104089.0,3011.06,12568.53,894.66,39513.39,2990.41
2019-07-08,104530.0,2933.36,12543.51,878.17,38720.57,2975.95
2019-07-10,105817.0,2915.3,12373.41,861.57,38557.04,2993.07
2019-07-11,105146.0,2917.76,12332.12,863.33,38823.11,2999.91
2019-07-12,103906.0,2930.55,12323.32,858.35,38736.23,3013.77
2019-07-15,103803.0,2942.19,12387.34,851.28,38896.71,3014.3
2019-07-16,103775.0,2937.62,12430.97,855.91,39131.04,3004.04
2019-07-17,103856.0,2931.69,12341.03,868.01,39215.64,2984.42
2019-07-18,104717.0,2901.18,12227.85,870.58,38897.46,2995.11
2019-07-19,103452.0,2924.2,12260.07,867.81,38337.01,2976.61
2019-07-22,103949.0,2886.97,12289.4,864.99,38031.13,2985.03
2019-07-23,103704.0,2899.94,12490.74,869.64,37982.74,3005.47
2019-07-24,104120.0,2923.28,12522.89,874.34,37847.65,3019.56
2019-07-25,102655.0,2937.36,12362.1,885.99,37830.98,3003.67
2019-07-26,102819.0,2944.54,12419.9,890.7,37882.79,3025.86
2019-07-29,103483.0,2941.01,12417.47,895.04,37686.37,3020.97
2019-07-30,102933.0,2952.34,12147.24,889.81,37397.24,3013.18
2019-07-31,101812.0,2932.51,12189.04,899.93,37481.12,2980.38
2019-08-01,102126.0,2908.77,12253.15,895.04,37018.32,2953.56
2019-08-02,102674.0,2867.84,11872.44,885.11,37118.22,2932.05
2019-08-05,100098.0,2821.5,11658.51,851.2,36699.84,2844.74
2019-08-06,102164.0,2777.56,11567.96,844.47,36976.85,2881.77
2019-08-07,102782.0,2768.68,11650.15,837.56,36690.5,2883.98
2019-08-08,104115.0,2794.55,11845.41,846.8,37327.36,2938.09
2019-08-09,103996.0,2774.75,11693.8,840.27,37581.91,2918.65
2019-08-13,103299.0,2797.26,11750.13,818.51,36958.16,2926.32
2019-08-14,100258.0,2808.91,11492.66,798.89,37311.53,2840.6
2019-08-16,99806.0,2823.82,11562.74,792.06,37350.33,2888.68
2019-08-19,99469.0,2883.1,11715.37,828.3,37402.49,2923.65
2019-08-20,99222.0,2880.0,11651.18,829.74,37328.01,2900.51
2019-08-21,101202.0,2880.33,11802.85,832.72,37060.37,2924.43
2019-08-22,100011.0,2883.44,11747.04,845.22,36472.93,2922.95
2019-08-23,97667.0,2897.43,11611.51,831.7,36701.16,2847.11
2019-08-26,96430.0,2863.57,11658.04,828.95,37494.12,2878.38
2019-08-27,97276.0,2902.19,11730.02,831.64,37641.27,2869.16
2019-08-28,98194.0,2893.76,11701.02,843.42,37451.84,2887.94
2019-08-29,100524.0,2890.92,11838.88,858.46,37068.93,2924.58
2019-08-30,101135.0,2886.24,11939.28,868.1,37332.79,2926.46
2019-09-03,99681.0,2930.15,11910.86,853.89,36562.91,2906.27
2019-09-04,101201.0,2957.41,12025.04,854.48,36724.74,2937.78
2019-09-05,102243.0,2985.86,12126.78,874.65,36644.42,2976.0
2019-09-06,102935.0,2999.6,12191.73,869.38,36981.77,2978.71
2019-09-09,103181.0,3024.74,12226.1,858.8,37145.45,2978.43
2019-09-11,103446.0,3008.81,12359.07,857.3,37270.82,3000.93
2019-09-12,104371.0,3031.24,12410.25,850.55,37104.28,3009.57
2019-09-16,103680.0,3030.75,12380.31,867.94,37123.31,2997.96
2019-09-17,104617.0,2978.12,12372.61,861.91,36481.09,3005.7
2019-09-18,104532.0,2985.66,12389.62,872.58,36563.88,3006.73
2019-09-19,104339.0,2999.28,12457.7,873.93,36093.47,3006.79
2019-09-20,104817.0,3006.45,12468.01,876.17,38014.62,2992.07
2019-09-23,104638.0,2977.08,12342.33,862.59,39090.03,2991.78
2019-09-24,103876.0,2985.34,12307.15,868.01,39097.14,2966.6
2019-09-25,104481.0,2955.43,12234.18,862.09,38593.52,2984.87
2019-09-26,105319.0,2929.09,12288.54,866.18,38989.74,2977.62
2019-09-27,105078.0,2932.17,12380.94,870.35,38822.57,2961.79
2019-09-30,104745.0,2905.19,12428.08,868.42,38667.33,2976.74
2019-10-09,101249.0,2924.86,12094.26,831.72,38177.95,2919.4
2019-10-10,101817.0,2947.71,12164.2,839.22,37880.4,2938.13
2019-10-11,103832.0,2973.66,12511.65,855.95,38127.08,2970.27
2019-10-14,104302.0,3007.88,12486.56,855.89,38214.47,2966.15
2019-10-15,104490.0,2991.05,12629.79,858.16,38506.09,2995.68
2019-10-16,105423.0,2978.71,12670.11,858.37,38598.99,2989.69
2019-10-17,105016.0,2977.33,12654.95,859.32,39052.06,2997.95
2019-10-18,104729.0,2938.14,12633.6,862.58,39298.38,2986.2
2019-10-22,107381.0,2954.38,12754.69,873.5,38963.84,2995.99
2019-10-23,107544.0,2941.62,12798.19,873.13,39058.83,3004.52
2019-10-24,106986.0,2940.92,12872.1,873.98,39020.39,3010.29
2019-10-25,107364.0,2954.93,12894.51,872.3,39058.06,3022.55
2019-10-29,107556.0,2954.18,12939.62,873.4,39831.84,3036.89
2019-10-30,108408.0,2939.32,12910.23,875.73,40051.87,3046.77
2019-10-31,107220.0,2929.06,12866.79,882.57,40129.05,3037.56
2019-11-01,108196.0,2958.2,12961.05,880.36,40165.03,3066.91
2019-11-04,108779.0,2975.49,13136.28,879.25,40301.96,3078.27
2019-11-05,108719.0,2991.56,13148.5,873.34,40248.23,3074.62
2019-11-06,108360.0,2978.6,13179.89,859.81,40469.78,3076.78
2019-11-07,109581.0,2978.71,13289.46,869.47,40653.74,3085.18
2019-11-08,107629.0,2964.18,13228.56,864.69,40323.61,3093.08
2019-11-11,108367.0,2909.97,13198.37,855.92,40345.08,3087.01
2019-11-13,106060.0,2905.24,13230.07,870.93,40116.06,3094.04
2019-11-14,106557.0,2909.87,13180.23,889.84,40286.48,3096.63
2019-11-18,106269.0,2909.2,13207.01,888.29,40284.19,3122.03
2019-11-19,105864.0,2933.99,13221.12,893.37,40469.7,3120.18
2019-11-21,107497.0,2903.64,13137.7,883.39,40575.17,3103.54
2019-11-22,108692.0,2885.29,13163.88,891.3,40359.41,3110.29
2019-11-25,108424.0,2906.17,13246.45,898.23,40889.23,3133.64
2019-11-26,107059.0,2907.06,13236.42,891.86,40821.3,3140.52
2019-11-27,107708.0,2903.19,13287.07,895.03,41020.61,3153.63
2019-11-29,108233.0,2871.98,13236.38,901.58,40793.81,3140.98
2019-12-02,108928.0,2875.81,12964.68,892.97,40802.17,3113.87
2019-12-03,108956.0,2884.7,12989.29,881.28,40675.45,3093.2
2019-12-04,110301.0,2878.12,13140.57,888.68,40850.29,3112.76
2019-12-05,110622.0,2899.47,13054.8,878.57,40779.59,3117.43
2019-12-06,111126.0,2912.01,13166.58,873.21,40445.15,3145.91
2019-12-09,110977.0,2914.48,13105.61,863.77,40487.43,3135.96
2019-12-10,110672.0,2917.32,13070.72,861.67,40239.88,3132.52
2019-12-11,110964.0,2924.42,13146.74,883.96,40412.57,3141.63
2019-12-12,112200.0,2915.7,13221.64,885.21,40581.71,3168.57
2019-12-13,112565.0,2967.68,13282.72,891.08,41009.71,3168.8
2019-12-16,111896.0,2984.39,13407.66,880.76,40938.72,3191.45
2019-12-17,112616.0,3022.42,13287.83,894.49,41352.17,3192.52
2019-12-18,114315.0,3017.04,13222.16,905.64,41558.57,3191.14
2019-12-19,115131.0,3017.07,13211.96,902.78,41673.92,3205.37
2019-12-20,115121.0,3004.94,13318.9,892.06,41681.54,3221.22
2019-12-23,115863.0,2962.75,13300.98,912.52,41642.66,3224.01
2019-12-27,116534.0,3005.04,13337.11,920.54,41575.14,3240.02
2019-12-30,115645.0,3040.02,13249.01,917.79,41558.0,3221.29
2020-01-02,118573.0,3085.2,13385.93,930.71,41626.64,3257.85
2020-01-03,117707.0,3083.79,13219.14,920.09,41464.61,3234.85
2020-01-07,116662.0,3104.8,13226.83,924.69,40869.47,3237.18
2020-01-08,116247.0,3066.89,13320.18,914.17,40817.74,3253.05
2020-01-09,115947.0,3094.88,13495.06,926.06,41452.35,3274.7
2020-01-10,115503.0,3092.29,13483.31,923.63,41599.72,3265.35
2020-01-13,117325.0,3115.57,13451.52,919.39,41859.69,3288.13
2020-01-14,117632.0,3106.82,13456.49,923.69,41952.63,3283.15
2020-01-15,116414.0,3090.04,13432.3,928.66,41872.73,3289.29
2020-01-16,116704.0,3074.08,13429.43,932.13,41932.56,3316.81
2020-01-17,118478.0,3075.5,13526.13,934.22,41945.37,3329.62
2020-01-21,117026.0,3052.14,13555.87,942.27,41323.81,3320.79
2020-01-22,118391.0,3060.75,13515.75,942.92,41115.38,3321.75
2020-01-23,119528.0,2976.53,13388.42,939.17,41386.4,3325.54
2020-02-03,114629.0,2746.61,13045.19,903.47,39872.31,3248.92
2020-02-04,115557.0,2783.29,13281.74,916.75,40789.38,3297.59
2020-02-05,116028.0,2818.09,13478.33,920.99,41142.66,3334.69
2020-02-06,115190.0,2866.51,13574.82,921.45,41306.03,3345.78
2020-02-07,113770.0,2875.96,13513.81,910.91,41141.85,3327.71
2020-02-10,112570.0,2890.49,13494.03,902.98,40979.62,3352.09
2020-02-11,115371.0,2901.67,13627.84,917.0,41216.14,3357.75
2020-02-12,116674.0,2926.9,13749.78,917.56,41565.9,3379.45
2020-02-13,115662.0,2906.07,13745.43,920.24,41459.79,3373.94
2020-02-14,114381.0,2917.01,13744.21,922.3,41257.74,3380.16
2020-02-18,114977.0,2984.97,13681.19,911.82,40894.38,3370.29
2020-02-19,116518.0,2975.4,13789.0,916.8,41323.0,3386.15
2020-02-20,114586.0,3030.15,13664.0,913.08,41170.12,3373.23
2020-02-26,105718.0,2987.93,12774.88,811.34,39888.96,3116.39
2020-02-27,102984.0,2991.33,12367.46,768.83,39745.66,2978.76
2020-02-28,104172.0,2880.3,11890.35,720.35,38297.29,2954.22
2020-03-03,105537.0,2992.9,11985.39,766.32,38623.7,3003.37
2020-03-04,107224.0,3011.67,12127.69,770.54,38409.48,3130.12
2020-03-05,102233.0,3071.68,11944.72,728.17,38470.61,3023.94
2020-03-06,97997.0,3034.51,11541.87,684.74,37576.62,2972.37
2020-03-09,86067.0,2943.29,10625.02,593.07,35634.95,2746.56
2020-03-11,85171.0,2968.52,10438.68,602.48,35697.4,2741.38
2020-03-12,72583.0,2923.49,9161.13,538.55,32778.14,2480.64
2020-03-13,82678.0,2887.43,9232.08,551.97,34103.48,2711.02
2020-03-16,71168.0,2789.25,8742.25,484.4,31390.07,2386.13
2020-03-17,74617.0,2779.64,8939.1,491.94,30579.09,2529.19
2020-03-18,66895.0,2728.76,8441.71,487.35,28869.51,2398.1
2020-03-19,68332.0,2702.13,8610.43,525.29,28288.23,2409.39
2020-03-20,67069.0,2745.62,8928.95,555.13,29915.96,2304.92
2020-03-23,63570.0,2660.17,8741.15,518.42,25981.24,2237.4
2020-03-24,69729.0,2722.44,9700.57,552.45,26674.03,2447.33
2020-03-26,77710.0,2764.91,10000.96,573.35,29946.77,2630.07
2020-03-27,73429.0,2772.2,9632.52,550.85,29815.59,2541.47
2020-03-30,74639.0,2747.21,9815.97,558.7,28440.32,2626.65
2020-03-31,73020.0,2750.3,9935.84,558.3,29468.49,2584.59
2020-04-01,70967.0,2734.52,9544.75,536.45,28265.31,2470.5
2020-04-03,69538.0,2763.99,9525.77,540.74,27590.95,2488.65
2020-04-07,76358.0,2820.76,10356.7,607.73,30067.21,2659.41
2020-04-08,78625.0,2815.37,10332.89,609.09,29893.96,2749.98
2020-04-09,77682.0,2825.9,10564.74,607.29,31159.62,2789.82
2020-04-15,78831.0,2811.17,10279.76,607.57,30379.81,2783.36
2020-04-16,77812.0,2819.93,10301.54,606.75,30602.61,2799.55
2020-04-22,80687.0,2843.98,10415.03,595.41,31379.55,2799.31
2020-04-23,79673.0,2838.5,10513.79,610.48,31863.08,2797.8
2020-04-24,75331.0,2808.53,10336.09,606.41,31327.22,2836.74
2020-04-27,78239.0,2815.49,10659.99,626.16,31743.08,2878.48
2020-04-28,81312.0,2810.02,10795.63,634.96,32114.52,2863.39
2020-04-29,83171.0,2822.44,11107.74,641.94,32720.16,2939.51
2020-04-30,80506.0,2860.08,10861.64,628.25,33717.62,2912.43
2020-05-06,79064.0,2878.14,10606.2,600.67,31685.75,2848.42
2020-05-07,78119.0,2871.52,10759.27,602.47,31443.38,2881.19
2020-05-08,80263.0,2895.34,10904.48,604.05,31642.7,2929.8
2020-05-11,79065.0,2894.8,10824.99,596.34,31561.22,2930.32
2020-05-12,77872.0,2891.56,10819.5,596.65,31371.12,2870.12
2020-05-13,77772.0,2898.05,10542.66,590.84,32008.61,2820.0
2020-05-14,79011.0,2870.34,10337.02,588.12,31122.89,2852.5
2020-05-15,77557.0,2868.46,10465.17,593.26,31097.73,2863.7
2020-05-18,81194.0,2875.42,11058.87,609.52,30028.98,2953.91
2020-05-19,80742.0,2898.58,11075.29,601.16,30196.17,2922.94
2020-05-20,81319.0,2883.74,11223.71,610.52,30818.61,2971.61
2020-05-21,83027.0,2867.92,11065.93,608.34,30932.9,2948.51
2020-05-22,82173.0,2813.77,11073.87,609.2,30672.59,2955.45
2020-05-26,85469.0,2846.55,11504.65,635.47,30609.3,2991.77
2020-05-27,87946.0,2836.8,11657.69,660.3,31605.22,3036.13
2020-05-28,86949.0,2846.22,11781.13,665.04,32200.59,3029.73
2020-05-29,87403.0,2852.35,11586.85,652.58,32424.1,3044.31
2020-06-02,91046.0,2921.4,12021.28,670.97,33825.53,3080.82
2020-06-03,93002.0,2923.37,12487.36,674.07,34109.54,3122.87
2020-06-04,93829.0,2919.25,12430.56,669.79,33980.7,3112.35
2020-06-05,94637.0,2930.8,12847.68,683.46,34287.24,3193.93
2020-06-09,96747.0,2956.11,12617.99,678.68,33956.69,3207.18
2020-06-10,94686.0,2943.75,12530.16,662.67,34247.05,3190.14
2020-06-12,92795.0,2919.74,11949.28,646.8,33780.89,3041.31
2020-06-15,92376.0,2890.03,11911.35,647.98,33228.8,3066.59
2020-06-16,93531.0,2931.75,12315.66,676.91,33605.22,3124.74
2020-06-17,95547.0,2935.87,12382.14,672.5,33507.92,3113.49
2020-06-18,96125.0,2939.32,12281.53,662.39,34208.05,3115.34
2020-06-19,96572.0,2967.63,12330.76,668.34,34731.73,3097.74
2020-06-22,95336.0,2965.27,12262.97,670.36,34911.32,3117.86
2020-06-23,95975.0,2970.62,12523.76,676.04,35430.43,3131.29
2020-06-24,94377.0,2979.55,12093.94,665.01,34868.98,3050.33
2020-06-29,95735.0,2961.52,12232.12,635.86,34961.52,3053.24
2020-06-30,95056.0,2984.67,12310.93,638.9,34915.8,3100.29
2020-07-01,96203.0,3025.98,12260.57,641.43,35414.45,3115.86
2020-07-02,96235.0,3090.57,12608.46,662.0,35843.7,3130.01
2020-07-06,98937.0,3332.88,12733.45,655.79,36487.28,3179.72
2020-07-07,97761.0,3345.34,12616.8,644.12,36674.52,3145.32
2020-07-08,99770.0,3403.44,12494.81,641.07,36329.01,3169.94
2020-07-09,99160.0,3450.59,12489.46,636.84,36737.69,3152.05
2020-07-10,100032.0,3383.32,12633.71,632.97,36594.33,3185.04
2020-07-13,98697.0,3443.29,12799.97,630.72,36693.69,3155.22
2020-07-14,100440.0,3414.62,12697.36,629.24,36033.06,3197.52
2020-07-15,101791.0,3361.3,12930.98,637.29,36051.81,3226.56
2020-07-16,100553.0,3210.1,12874.97,637.55,36471.68,3215.57
2020-07-17,102888.0,3214.13,12919.61,641.48,37020.14,3224.73
2020-07-20,104426.0,3314.15,13046.92,653.15,37418.99,3251.84
2020-07-21,104310.0,3320.89,13171.83,638.27,37930.33,3257.3
2020-07-22,104290.0,3333.16,13104.25,647.76,37871.52,3276.02
2020-07-23,102293.0,3325.11,13103.39,640.35,38140.47,3235.66
2020-07-24,102382.0,3196.77,12838.06,634.32,38128.9,3215.63
2020-07-27,104477.0,3205.23,12838.66,626.08,37934.73,3239.41
2020-07-28,104109.0,3227.96,12835.28,633.62,38492.95,3218.44
2020-07-29,105605.0,3294.55,12822.26,632.37,38071.13,3258.44
2020-07-30,105009.0,3286.82,12379.65,618.86,37736.07,3246.22
2020-07-31,102912.0,3310.01,12313.36,617.61,37606.89,3271.12
2020-08-03,102830.0,3367.97,12646.98,615.07,36939.6,3294.61
2020-08-04,101216.0,3371.69,12600.87,628.5,37687.91,3306.51
2020-08-05,102802.0,3377.56,12660.25,637.75,37663.33,3327.77
2020-08-06,104126.0,3386.46,12591.68,640.6,38025.45,3349.16
2020-08-07,102776.0,3354.04,12674.88,632.63,38040.57,3351.28
2020-08-10,103444.0,3379.25,12687.53,617.33,38182.08,3360.47
2020-08-11,102174.0,3340.29,12946.89,626.39,38407.01,3333.69
2020-08-12,102118.0,3319.27,13058.63,634.97,38369.63,3380.35
2020-08-13,100461.0,3320.73,12993.71,637.27,38310.49,3373.43
2020-08-14,101353.0,3360.1,12901.34,634.37,37877.34,3372.85
2020-08-17,99595.0,3438.8,12920.66,637.12,38050.78,3381.99
2020-08-18,102065.0,3451.09,12881.76,643.98,38528.32,3389.78
2020-08-19,100854.0,3408.13,12977.33,646.27,38614.79,3374.85
2020-08-20,101468.0,3363.9,12830.0,636.92,38220.39,3385.51
2020-08-21,101521.0,3380.68,12764.8,633.27,38434.72,3397.16
2020-08-24,102298.0,3385.64,13066.54,632.56,38799.08,3431.28
2020-08-25,102118.0,3373.58,13061.62,629.34,38843.88,3443.62
2020-08-26,100627.0,3329.74,13190.15,635.84,39073.92,3478.73
2020-08-27,100624.0,3350.11,13096.36,633.09,39113.47,3484.55
2020-08-28,102143.0,3403.81,13033.2,634.47,39467.31,3508.01
2020-08-31,99369.0,3395.68,12945.38,633.98,38628.29,3500.31
2020-09-01,102168.0,3410.61,12974.25,639.6,38900.8,3526.65
2020-09-02,101911.0,3404.8,13243.43,644.2,39086.03,3580.84
2020-09-03,100721.0,3384.98,13057.77,646.08,38990.94,3455.06
2020-09-04,101242.0,3355.37,12842.66,639.29,38357.18,3426.96
2020-09-08,100050.0,3316.42,12968.33,627.56,38365.35,3331.84
2020-09-09,101292.0,3254.63,13237.21,631.74,38193.92,3398.96
2020-09-10,98835.0,3234.82,13208.89,637.95,38840.32,3339.19
2020-09-11,98363.0,3260.35,13202.84,636.03,38854.55,3340.97
2020-09-14,100275.0,3278.81,13193.66,661.13,38756.63,3383.54
2020-09-15,100298.0,3295.68,13217.67,663.61,39044.35,3401.2
2020-09-16,99676.0,3283.92,13255.37,661.19,39302.85,3385.49
2020-09-17,100098.0,3270.44,13208.12,663.25,38979.85,3357.01
2020-09-18,98290.0,3338.09,13116.25,658.54,38845.82,3319.47
2020-09-21,96991.0,3316.94,12542.44,630.32,38034.14,3281.06
2020-09-22,97294.0,3274.3,12594.39,624.62,37734.08,3315.57
2020-09-23,95735.0,3279.71,12642.97,622.34,37668.42,3236.92
2020-09-24,97012.0,3223.18,12606.57,619.96,36553.6,3246.59
2020-09-25,96999.0,3219.42,12469.2,617.9,37388.66,3298.46
2020-09-28,94666.0,3217.53,12870.87,625.2,37981.63,3351.6
2020-09-29,93580.0,3224.36,12825.82,623.36,37973.22,3335.47
2020-09-30,94603.0,3218.05,12760.73,624.75,38067.93,3363.0
2020-10-09,97483.0,3272.08,13051.23,651.47,40509.49,3477.13
2020-10-13,98503.0,3359.75,13018.99,636.32,40625.51,3511.93
2020-10-14,99334.0,3340.78,13028.06,632.81,40794.74,3488.67
2020-10-15,99054.0,3332.18,12703.75,619.26,39728.41,3483.34
2020-10-16,98309.0,3336.36,12908.99,620.18,39982.98,3483.81
2020-10-19,98658.0,3312.67,12854.66,618.13,40431.6,3426.92
2020-10-20,100540.0,3328.1,12736.95,623.27,40544.37,3443.12
2020-10-21,100552.0,3325.02,12557.64,619.98,40707.31,3435.56
2020-10-22,101918.0,3312.5,12543.06,608.9,40558.49,3453.49
2020-10-23,101260.0,3278.0,12645.75,612.32,40685.5,3465.39
2020-10-26,101017.0,3251.12,12177.18,595.97,40145.5,3400.97
2020-10-27,99606.0,3254.32,12063.57,595.16,40522.1,3390.68
2020-10-29,96582.0,3272.73,11598.07,564.93,39749.85,3310.11
2020-10-30,93952.0,3224.53,11556.48,569.5,39614.07,3269.96
2020-11-03,95980.0,3271.07,12088.98,584.48,40261.13,3369.16
2020-11-04,97867.0,3277.44,12324.22,588.24,40616.14,3443.44
2020-11-05,100751.0,3320.13,12568.09,590.16,41340.16,3510.45
2020-11-06,100925.0,3312.16,12480.02,588.1,41893.06,3509.44
2020-11-09,103515.0,3373.73,13095.97,655.5,42597.43,3550.5
2020-11-10,105067.0,3360.15,13163.11,651.77,43277.65,3545.53
2020-11-11,104809.0,3342.2,13216.18,658.42,43593.67,3572.66
2020-11-12,102507.0,3338.68,13052.95,657.01,43357.19,3537.01
2020-11-13,104723.0,3310.1,13076.72,655.68,43443.0,3585.15
2020-11-16,106430.0,3346.97,13138.61,691.36,43637.98,3626.91
2020-11-17,107249.0,3339.9,13133.47,690.99,43952.71,3609.53
2020-11-18,106119.0,3347.3,13201.89,708.16,44180.05,3567.79
2020-11-19,106670.0,3363.09,13086.16,699.2,43599.96,3581.87
2020-11-20,106042.0,3377.73,13137.25,699.45,43882.25,3557.54
2020-11-23,107379.0,3414.49,13126.97,700.43,44077.15,3577.59
2020-11-24,109786.0,3402.82,13292.44,702.85,44523.02,3635.41
2020-11-25,110133.0,3362.33,13289.8,705.21,43828.1,3629.65
2020-11-27,110575.0,3408.31,13335.68,736.6,44149.72,3638.35
2020-12-01,111400.0,3451.94,13382.3,758.22,44655.44,3662.45
2020-12-02,111879.0,3449.38,13313.24,759.47,44618.04,3669.01
2020-12-03,112292.0,3442.14,13252.86,766.82,44632.65,3666.72
2020-12-04,113750.0,3444.58,13298.96,784.95,45079.55,3699.12
2020-12-07,113590.0,3416.6,13271.0,786.85,45426.97,3691.96
2020-12-08,113793.0,3410.18,13278.49,791.17,45608.51,3702.25
2020-12-09,113001.0,3371.96,13340.26,796.01,46103.5,3672.82
2020-12-10,115129.0,3373.28,13295.73,774.32,45959.88,3668.1
2020-12-11,115128.0,3347.19,13114.3,779.04,46099.01,3663.46
2020-12-14,114611.0,3369.12,13223.16,788.02,46253.46,3647.49
2020-12-15,116149.0,3367.23,13362.87,787.32,46263.17,3694.62
2020-12-16,117857.0,3366.98,13565.98,792.31,46666.46,3701.17
2020-12-17,118401.0,3404.87,13667.25,790.77,46890.34,3722.48
2020-12-18,118024.0,3394.9,13630.51,800.06,46960.69,3709.41
2020-12-21,115823.0,3420.57,13246.3,769.62,45553.96,3694.92
2020-12-22,116636.0,3356.78,13418.11,780.21,46006.69,3687.26
2020-12-23,117807.0,3382.32,13587.23,787.48,46444.18,3690.01
2020-12-28,119124.0,3397.29,13790.29,810.44,47353.75,3735.36
2020-12-29,119409.0,3379.04,13761.38,809.22,47613.08,3727.04
2020-12-30,119017.0,3414.45,13718.78,809.08,47746.22,3732.04
2021-01-04,118855.0,3502.96,13726.74,822.22,48176.8,3700.65
2021-01-05,119376.0,3528.68,13651.22,813.62,48437.78,3726.86
2021-01-07,122386.0,3576.2,13968.24,820.03,48093.32,3803.79
2021-01-08,125077.0,3570.11,14049.53,819.27,48782.51,3824.68
2021-01-11,123255.0,3531.5,13936.66,800.56,49269.32,3799.61
2021-01-12,123998.0,3608.34,13925.06,796.73,49517.11,3801.19
2021-01-13,121933.0,3598.65,13939.71,802.19,49492.32,3809.84
2021-01-14,123481.0,3565.9,13988.7,794.03,49584.16,3795.54
2021-01-15,120349.0,3566.38,13787.73,790.14,49034.67,3768.25
2021-01-19,120636.0,3566.38,13815.06,799.97,49398.29,3798.91
2021-01-20,119646.0,3583.09,13921.37,800.76,49792.12,3851.85
2021-01-21,118329.0,3621.26,13906.67,796.77,49624.76,3853.07
2021-01-22,117380.0,3606.75,13873.97,778.98,48878.54,3841.47
2021-01-27,115882.0,3573.34,13620.46,743.49,47409.93,3750.77
2021-01-28,118883.0,3505.18,13665.93,754.25,46874.36,3787.38
2021-01-29,115068.0,3483.07,13432.87,749.46,46285.77,3714.24
2021-02-01,117518.0,3505.28,13622.02,749.73,48600.61,3773.86
2021-02-02,118234.0,3533.68,13835.16,760.59,49797.72,3826.31
2021-02-03,119725.0,3517.31,13933.63,764.33,50255.75,3830.17
2021-02-04,119261.0,3501.86,14060.29,760.78,50614.29,3871.74
2021-02-05,120240.0,3496.33,14056.72,764.6,50731.63,3886.83
2021-02-08,119696.0,3532.45,14059.91,778.01,51348.77,3915.59
2021-02-09,119472.0,3603.49,14011.8,756.88,51329.08,3911.23
2021-02-10,118435.0,3655.09,13932.97,762.83,51309.39,3909.88
2021-02-18,119199.0,3675.36,13886.93,782.23,51324.69,3913.97
2021-02-19,118431.0,3696.17,13993.23,781.42,50889.76,3906.71
2021-02-22,112668.0,3642.44,13950.04,781.99,49744.32,3876.5
2021-02-23,115227.0,3636.36,13864.81,773.52,49751.41,3881.37
2021-02-24,115668.0,3564.08,13976.0,774.8,50781.69,3925.43
2021-02-25,112256.0,3585.05,13879.33,787.43,51039.31,3829.34
2021-02-26,110035.0,3509.08,13786.29,792.38,49099.99,3811.15
2021-03-01,110335.0,3551.4,14012.82,802.6,49849.84,3901.82
2021-03-02,111540.0,3508.59,14039.8,817.03,50296.89,3870.29
2021-03-03,111184.0,3576.9,14080.03,815.1,51444.65,3819.72
2021-03-04,112690.0,3503.49,14056.34,817.24,50846.08,3768.47
2021-03-05,115202.0,3501.99,13920.69,825.02,50405.32,3841.94
2021-03-08,110612.0,3421.41,14380.91,827.06,50441.07,3821.35
2021-03-09,111331.0,3359.29,14437.94,837.61,51025.48,3875.44
2021-03-10,112776.0,3357.74,14540.25,841.12,51279.51,3898.81
2021-03-12,114160.0,3453.08,14502.39,849.81,50792.08,3943.34
2021-03-16,114019.0,3446.73,14557.58,860.26,50363.96,3962.71
2021-03-17,116549.0,3445.55,14596.61,857.19,49801.62,3974.12
2021-03-18,114835.0,3463.07,14775.52,844.56,49216.52,3915.46
2021-03-19,116222.0,3404.66,14621.0,833.07,49858.24,3913.1
2021-03-22,114979.0,3443.44,14657.21,832.06,49771.29,3940.59
2021-03-23,113262.0,3411.51,14662.02,831.86,50051.44,3910.52
2021-03-24,112064.0,3367.06,14610.39,837.09,49180.31,3889.14
2021-03-26,114781.0,3418.33,14748.94,851.82,49008.5,3974.54
2021-03-30,116850.0,3456.68,15008.61,873.62,50136.58,3958.55
2021-03-31,116634.0,3441.91,15008.34,865.05,49509.15,3972.89
2021-04-01,115253.0,3466.33,15107.17,875.22,50029.83,4019.87
2021-04-06,117499.0,3482.97,15212.68,877.04,49201.39,4073.94
2021-04-07,117624.0,3479.63,15176.36,881.49,49661.76,4079.95
2021-04-08,118313.0,3482.55,15202.68,884.77,49746.21,4097.17
2021-04-09,117670.0,3450.68,15234.16,891.69,49591.32,4128.8
2021-04-12,118812.0,3412.95,15215.0,897.55,47883.38,4127.99
2021-04-13,119297.0,3396.47,15234.36,899.9,48544.06,4141.59
2021-04-15,120701.0,3398.99,15255.33,905.31,48803.68,4170.42
2021-04-16,121114.0,3426.62,15459.75,898.63,48832.03,4185.47
2021-04-19,120934.0,3477.55,15368.39,875.76,47949.42,4163.26
2021-04-20,120062.0,3472.94,15129.51,876.76,47705.8,4134.94
2021-04-22,119371.0,3465.11,15320.52,893.76,48080.67,4134.98
2021-04-23,120530.0,3474.17,15279.62,899.58,47878.45,4180.17
2021-04-26,120595.0,3441.17,15296.34,913.12,48386.51,4187.62
2021-04-27,119388.0,3442.61,15249.27,903.44,48944.14,4186.72
2021-04-28,121053.0,3457.07,15292.18,910.37,49733.84,4183.18
2021-04-29,120066.0,3474.9,15154.2,910.37,49765.94,4211.47
2021-05-06,119921.0,3441.28,15196.74,910.21,48949.76,4201.62
2021-05-07,122038.0,3418.87,15399.65,897.01,49206.47,4232.6
2021-05-10,121909.0,3427.99,15400.41,906.07,49502.41,4188.43
2021-05-11,122964.0,3441.85,15119.75,896.04,49161.81,4152.1
2021-05-12,119710.0,3462.75,15150.22,894.7,48690.8,4063.04
2021-05-14,121881.0,3490.38,15416.64,907.08,48732.55,4173.85
2021-05-17,122938.0,3517.62,15396.62,903.48,49580.73,4163.29
2021-05-18,122980.0,3529.01,15386.58,900.65,50193.33,4127.83
2021-05-19,122636.0,3510.96,15113.56,881.04,49902.64,4115.68
2021-05-20,122701.0,3506.94,15370.26,888.41,49564.86,4159.12
2021-05-21,122592.0,3486.56,15437.51,867.56,50540.48,4155.86
2021-05-25,122988.0,3581.34,15465.09,868.11,50637.53,4188.13
2021-05-26,123989.0,3593.36,15450.72,873.61,51017.52,4195.99
2021-05-27,124367.0,3608.85,15406.73,883.39,51115.22,4200.88
2021-05-28,125561.0,3600.78,15519.98,887.6,51422.88,4204.11
2021-06-01,128267.0,3624.71,15567.36,894.13,51934.88,4202.04
2021-06-02,129601.0,3597.14,15602.71,900.49,51849.48,4208.12
2021-06-04,130126.0,3591.84,15692.9,901.6,52100.05,4229.89
2021-06-07,130776.0,3599.54,15677.15,902.02,52328.51,4226.52
2021-06-08,129787.0,3580.11,15640.6,913.48,52275.57,4227.26
2021-06-09,129907.0,3591.4,15581.14,913.34,51941.64,4219.55
2021-06-10,130076.0,3610.86,15571.22,924.3,52300.47,4239.18
2021-06-11,129441.0,3589.75,15693.27,925.83,52474.76,4247.44
2021-06-15,130091.0,3556.56,15729.52,920.03,52773.05,4246.59
2021-06-16,129259.0,3518.33,15710.57,911.6,52501.98,4223.7
2021-06-17,128057.0,3525.6,15727.67,914.77,52323.33,4221.86
2021-06-18,128405.0,3525.1,15448.04,905.55,52344.45,4166.45
2021-06-22,128767.0,3557.41,15636.33,908.1,52588.71,4246.44
2021-06-23,128428.0,3566.22,15456.39,910.34,52306.08,4241.84
2021-06-24,129514.0,3566.65,15589.23,909.84,52699.0,4266.49
2021-06-25,127256.0,3607.56,15607.97,907.76,52925.04,4280.7
2021-06-28,127429.0,3606.37,15554.18,903.34,52735.59,4290.61
2021-06-29,127327.0,3573.18,15690.59,893.6,52549.66,4291.8
2021-06-30,126802.0,3591.2,15531.04,884.89,52482.71,4297.5
2021-07-01,125666.0,3588.78,15603.81,888.13,52318.6,4319.94
2021-07-02,127622.0,3518.76,15650.09,886.66,52484.67,4352.34
2021-07-06,125095.0,3530.26,15511.38,878.55,52861.18,4343.54
2021-07-07,127019.0,3553.72,15692.71,877.22,53054.76,4358.13
2021-07-08,125428.0,3525.5,15420.64,859.46,52568.94,4320.82
2021-07-12,127594.0,3547.84,15790.51,873.87,52372.69,4384.63
2021-07-13,128168.0,3566.52,15789.64,869.72,52769.73,4369.21
2021-07-14,128407.0,3528.5,15788.98,871.07,52904.05,4374.3
2021-07-15,127468.0,3564.59,15629.66,863.78,53158.85,4360.03
2021-07-16,125960.0,3539.3,15540.31,866.81,53140.06,4327.16
2021-07-19,124395.0,3539.12,15133.2,833.16,52553.4,4258.63
2021-07-20,125401.0,3536.79,15216.27,838.83,52198.51,4323.21
2021-07-22,126147.0,3574.73,15514.54,858.13,52837.21,4367.48
2021-07-23,125053.0,3550.4,15669.29,864.44,52975.8,4411.8
2021-07-26,126004.0,3467.44,15618.98,869.9,52852.27,4422.23
2021-07-27,124612.0,3381.18,15519.13,876.35,52578.76,4401.46
2021-07-28,126286.0,3361.59,15570.36,877.99,52443.71,4400.65
2021-07-29,125675.0,3411.72,15640.47,882.74,52653.07,4419.15
2021-07-30,121801.0,3397.36,15544.39,888.26,52586.84,4395.26
2021-08-02,122516.0,3464.29,15568.73,897.45,52950.63,4387.11
2021-08-03,123577.0,3447.99,15555.08,895.19,53823.36,4423.15
2021-08-04,121801.0,3477.22,15692.13,895.71,54369.77,4402.68
2021-08-05,121633.0,3466.55,15744.67,903.33,54492.84,4429.1
2021-08-06,122810.0,3458.23,15761.45,893.47,54277.72,4436.52
2021-08-09,123019.0,3494.63,15745.41,893.07,54402.85,4432.35
2021-08-10,122202.0,3529.93,15770.71,897.15,54554.66,4436.75
2021-08-11,122056.0,3532.62,15826.09,900.1,54525.93,4447.7
2021-08-12,120701.0,3524.74,15937.51,893.98,54843.98,4460.84
2021-08-13,121194.0,3516.3,15977.44,895.29,55437.29,4468.0
2021-08-16,119180.0,3517.34,15925.73,898.9,55582.58,4479.66
2021-08-17,117904.0,3446.98,15921.95,899.88,55792.27,4448.08
2021-08-18,116643.0,3485.29,15965.97,898.58,55629.49,4400.27
2021-08-20,118053.0,3427.33,15808.04,883.11,55329.32,4441.67
2021-08-23,117472.0,3477.13,15852.79,897.44,55555.79,4479.54
2021-08-24,120211.0,3514.47,15905.85,907.56,55958.98,4486.23
2021-08-25,120818.0,3540.38,15860.66,914.43,55944.21,4496.19
2021-08-26,118724.0,3501.66,15793.62,915.75,55949.1,4469.91
2021-08-27,120678.0,3522.16,15851.75,914.39,56124.72,4509.37
2021-08-30,119740.0,3528.15,15887.31,929.26,56889.76,4528.79
2021-08-31,118781.0,3543.94,15835.09,923.15,57552.39,4522.68
2021-09-01,119396.0,3567.1,15824.29,918.06,57338.21,4524.09
2021-09-02,116677.0,3597.04,15840.59,917.06,57852.54,4536.95
2021-09-03,116933.0,3581.73,15781.2,915.05,58129.95,4535.43
2021-09-08,113413.0,3675.19,15610.28,905.48,58250.26,4514.07
2021-09-09,115361.0,3693.13,15623.15,899.22,58305.07,4493.28
2021-09-13,116404.0,3715.37,15701.42,905.37,58177.76,4468.73
2021-09-14,116181.0,3662.6,15722.99,906.81,58247.09,4443.05
2021-09-15,115063.0,3656.22,15616.0,904.1,58723.2,4480.7
2021-09-16,113794.0,3607.09,15651.75,909.16,59141.16,4473.76
2021-09-17,111439.0,3613.97,15490.17,912.81,59015.89,4432.99
2021-09-22,112282.0,3628.49,15506.74,894.3,58927.33,4395.64
2021-09-23,114064.0,3642.22,15643.97,886.72,59885.36,4448.98
2021-09-24,113283.0,3613.07,15531.75,873.1,60048.47,4455.48
2021-09-27,113583.0,3582.83,15573.88,875.43,60077.88,4443.11
2021-09-28,110124.0,3602.22,15248.56,860.03,59667.6,4352.63
2021-09-29,111107.0,3536.29,15365.27,866.35,59413.27,4359.46
2021-09-30,110979.0,3568.17,15260.69,865.34,59126.36,4307.54
2021-10-08,112833.0,3592.17,15206.13,892.6,60059.06,4391.36
2021-10-11,112180.0,3591.71,15199.14,884.05,60135.78,4361.19
2021-10-13,113456.0,3561.76,15249.38,884.11,60737.05,4363.8
2021-10-14,113185.0,3558.28,15462.72,888.59,61305.95,4438.23
2021-10-18,114428.0,3568.14,15474.47,891.3,61765.59,4486.48
2021-10-19,110673.0,3593.15,15515.83,898.96,61716.05,4519.63
2021-10-20,110786.0,3587.0,15522.92,908.13,61259.96,4536.19
2021-10-21,107735.0,3594.78,15472.56,905.53,60923.5,4549.78
2021-10-22,106296.0,3582.6,15542.98,905.04,60821.62,4544.9
2021-10-25,108715.0,3609.86,15599.23,901.15,60967.05,4566.48
2021-10-26,106420.0,3597.64,15757.06,902.09,61350.26,4574.79
2021-10-27,106363.0,3562.31,15705.81,906.57,61143.33,4551.68
2021-10-29,103501.0,3547.34,15688.77,898.06,59306.93,4605.38
2021-11-01,105551.0,3544.48,15806.29,905.16,60138.46,4613.67
2021-11-03,105617.0,3498.54,15959.98,908.12,59771.92,4660.57
2021-11-04,103412.0,3526.87,16029.65,908.62,60067.62,4680.06
2021-11-08,104781.0,3498.63,16046.52,921.26,60545.61,4701.7
2021-11-09,105535.0,3507.0,16040.47,920.52,60433.45,4685.25
2021-11-10,105968.0,3492.46,16067.83,918.06,60352.82,4646.71
2021-11-11,107595.0,3532.79,16083.11,917.8,59919.69,4649.27
2021-11-12,106335.0,3539.1,16094.07,913.94,60686.69,4682.85
2021-11-16,104404.0,3521.79,16247.86,909.99,60322.37,4700.9
2021-11-17,102948.0,3537.37,16251.13,917.87,60008.33,4688.67
2021-11-18,102426.0,3520.71,16221.73,923.07,59636.01,4706.64
2021-11-22,102122.0,3582.08,16115.69,911.43,58465.89,4682.95
2021-11-23,103654.0,3589.09,15937.0,894.94,58664.33,4690.7
2021-11-24,104514.0,3592.7,15878.39,889.58,58340.99,4701.46
2021-11-26,102224.0,3564.09,15257.04,858.93,57107.15,4594.62
2021-11-29,102814.0,3562.7,15280.86,871.34,57260.58,4655.27
2021-11-30,101915.0,3563.89,15100.13,867.71,57064.87,4567.0
2021-12-01,100775.0,3576.89,15472.67,877.24,57684.79,4513.04
2021-12-02,104466.0,3573.84,15263.11,876.89,58461.29,4577.1
2021-12-03,105070.0,3607.43,15169.98,879.23,57696.46,4538.43
2021-12-06,106859.0,3589.31,15380.79,878.34,56747.14,4591.67
2021-12-07,107558.0,3595.09,15813.94,891.84,57633.65,4686.75
2021-12-08,108096.0,3637.57,15687.09,892.92,58649.68,4701.21
2021-12-09,106291.0,3673.04,15639.26,898.29,58807.13,4667.45
2021-12-10,107758.0,3666.35,15623.31,898.63,58786.67,4712.02
2021-12-13,107383.0,3681.08,15621.72,887.96,58283.42,4669.15
2021-12-14,106760.0,3661.53,15453.56,885.4,58117.09,4634.09
2021-12-15,107431.0,3647.63,15476.35,883.36,57788.03,4709.84
2021-12-16,108326.0,3675.02,15636.4,892.83,57901.14,4668.67
2021-12-17,107201.0,3632.36,15531.69,887.5,57011.74,4620.64
2021-12-20,105020.0,3593.6,15239.67,876.93,55822.01,4568.02
2021-12-21,105500.0,3625.13,15447.44,881.19,56319.01,4649.23
2021-12-22,105244.0,3622.62,15593.47,884.03,56930.56,4696.56
2021-12-23,104891.0,3643.34,15756.31,890.73,57315.28,4725.78
2021-12-27,105554.0,3615.97,15835.25,885.91,57420.24,4791.19
2021-12-28,104864.0,3630.11,15963.7,889.29,57897.48,4786.36
2021-12-29,104107.0,3597.0,15852.25,893.61,57806.49,4793.06
2021-12-30,104822.0,3619.19,15884.86,890.76,57794.32,4778.73
2022-01-04,103514.0,3632.33,16152.61,908.08,59855.93,4793.54
2022-01-05,101006.0,3595.18,16271.75,905.7,60223.15,4700.58
2022-01-07,102719.0,3579.54,15947.74,906.48,59744.65,4677.02
2022-01-10,101945.0,3593.52,15768.27,918.41,60395.63,4670.29
2022-01-11,103779.0,3567.44,15941.81,934.61,60616.89,4713.07
2022-01-12,105686.0,3597.43,16010.32,950.38,61150.04,4726.35
2022-01-13,105530.0,3555.26,16031.59,955.76,61235.3,4659.02
2022-01-14,106928.0,3521.26,15883.24,949.39,61223.03,4662.85
2022-01-18,106668.0,3569.91,15772.56,944.64,60754.86,4577.34
2022-01-19,108013.0,3558.18,15809.72,951.65,60098.82,4532.76
2022-01-20,109102.0,3555.06,15912.33,957.6,59464.62,4482.73
2022-01-21,108942.0,3522.57,15603.88,942.46,59037.18,4397.93
2022-01-24,107937.0,3524.1,15011.13,914.84,57491.51,4410.13
2022-01-25,110204.0,3433.06,15123.87,913.36,57858.15,4356.45
2022-01-27,112612.0,3394.25,15524.27,934.58,57276.94,4326.5
2022-01-28,111910.0,3361.44,15318.95,924.42,57200.23,4431.85
2022-02-07,111996.0,3429.58,15206.64,938.09,57621.19,4483.87
2022-02-08,112234.0,3452.63,15242.38,942.06,57808.58,4521.54
2022-02-09,112461.0,3479.95,15482.01,960.32,58465.97,4587.18
2022-02-10,113368.0,3485.91,15490.44,964.05,58926.03,4504.06
2022-02-11,113572.0,3462.95,15425.12,971.09,58152.92,4418.64
2022-02-14,113899.0,3428.88,15113.97,950.7,56405.84,4401.67
2022-02-15,114828.0,3446.09,15412.71,961.85,58142.05,4471.07
2022-02-16,115181.0,3465.83,15370.3,963.6,57996.68,4475.01
2022-02-17,113528.0,3468.04,15267.63,955.37,57892.01,4380.26
2022-02-18,112880.0,3490.76,15042.51,955.93,57832.97,4348.87
2022-02-22,112892.0,3457.15,14693.0,944.18,57300.68,4304.74
2022-02-23,112008.0,3489.15,14631.36,949.22,57232.06,4225.5
2022-02-24,111592.0,3429.96,14052.1,888.31,54529.91,4288.7
2022-02-25,113142.0,3451.41,14567.23,927.25,55858.52,4384.62
2022-03-02,115174.0,3484.19,14000.11,852.1,55468.9,4386.54
2022-03-03,115166.0,3481.11,13698.4,854.62,55102.68,4363.49
2022-03-04,114474.0,3447.65,13094.54,821.74,54333.81,4328.87
2022-03-08,111203.0,3293.53,12831.51,789.66,53424.09,4170.62
2022-03-09,113900.0,3256.39,13847.93,822.97,54647.33,4277.88
2022-03-10,113663.0,3296.09,13442.1,803.47,55464.39,4259.52
2022-03-11,111713.0,3309.75,13628.11,827.96,55550.3,4204.31
2022-03-14,109928.0,3223.53,13929.11,830.02,56486.02,4173.11
2022-03-15,108959.0,3063.97,13917.27,825.16,55776.85,4262.45
2022-03-16,111112.0,3170.71,14440.74,871.99,56816.65,4357.95
2022-03-17,113076.0,3215.04,14388.06,862.09,57863.93,4411.67
2022-03-21,116155.0,3253.69,14326.97,859.32,57292.49,4461.18
2022-03-22,117272.0,3259.86,14473.2,867.54,57989.3,4511.61
2022-03-23,117457.0,3271.03,14283.65,854.88,57684.82,4456.23
2022-03-24,119053.0,3250.26,14273.79,843.11,57595.68,4520.16
2022-03-28,118738.0,3214.5,14417.37,861.98,57593.49,4575.52
2022-03-29,120014.0,3203.94,14820.33,889.97,57943.65,4631.6
2022-03-30,120260.0,3266.6,14606.05,884.7,58683.99,4602.45
2022-03-31,119999.0,3252.2,14414.75,879.45,58568.51,4530.41
2022-04-01,121570.0,3282.72,14446.48,890.7,59276.69,4545.86
2022-04-06,118228.0,3283.43,14151.69,884.2,59610.41,4481.15
2022-04-07,118862.0,3236.7,14078.15,890.85,59034.95,4500.21
2022-04-08,118322.0,3251.85,14283.67,906.26,59447.18,4488.28
2022-04-11,116953.0,3167.13,14192.78,917.52,58964.57,4412.53
2022-04-12,116147.0,3213.33,14124.95,921.37,58576.37,4397.45
2022-04-13,116782.0,3186.82,14076.44,924.2,58338.93,4446.59
2022-04-19,115057.0,3194.03,14153.46,926.41,56463.15,4462.21
2022-04-20,114344.0,3151.05,14362.03,940.69,57037.5,4459.45
2022-04-26,108213.0,2886.43,13756.4,938.93,57356.61,4175.2
2022-04-27,109349.0,2958.28,13793.94,918.56,56819.39,4183.96
2022-04-28,109919.0,2975.48,13979.84,925.07,57521.06,4287.5
2022-04-29,107876.0,3047.06,14097.88,922.43,57060.87,4131.93
2022-05-05,105304.0,3067.76,13902.52,888.47,55702.23,4152.38
2022-05-06,105135.0,3001.56,13674.29,866.75,54835.58,4123.34
2022-05-09,103250.0,3004.14,13380.67,859.18,54470.67,3991.24
2022-05-10,103110.0,3035.84,13534.74,860.85,54364.85,4001.05
2022-05-11,104397.0,3058.7,13828.64,862.66,54088.39,3935.18
2022-05-12,105688.0,3054.99,13739.64,846.46,52930.31,3930.08
2022-05-13,106924.0,3084.28,14027.93,867.03,52793.62,4023.89
2022-05-16,108233.0,3073.75,13964.38,859.38,52973.84,4008.01
2022-05-17,108789.0,3093.7,14185.94,867.8,54318.47,4088.85
2022-05-18,106247.0,3085.98,14007.76,866.73,54208.53,3923.68
2022-05-19,107005.0,3096.96,13882.3,851.2,52792.23,3900.79
2022-05-20,108488.0,3146.57,13981.91,860.06,54326.39,3901.36
2022-05-23,110346.0,3146.86,14175.4,859.79,54288.61,3973.75
2022-05-24,110581.0,3070.93,13919.75,863.41,54052.61,3941.48
2022-05-25,110580.0,3107.46,14007.93,873.37,53749.26,3978.73
2022-05-26,111890.0,3123.11,14231.29,887.32,54252.53,4057.84
2022-05-27,111942.0,3130.24,14462.19,891.41,54884.66,4158.24
2022-05-31,111351.0,3186.43,14388.35,890.7,55566.41,4132.15
2022-06-01,111360.0,3182.16,14340.47,899.97,55381.17,4101.23
2022-06-02,112393.0,3195.46,14485.17,890.28,55818.11,4176.82
2022-06-06,110186.0,3236.37,14653.81,900.28,55675.32,4121.43
2022-06-07,110070.0,3241.76,14556.62,891.81,55107.34,4160.68
2022-06-08,108368.0,3263.79,14445.99,893.82,54892.49,4115.77
2022-06-09,107094.0,3238.95,14198.8,886.64,55320.28,4017.82
2022-06-10,105481.0,3284.83,13761.83,862.55,54303.44,3900.86
2022-06-14,102063.0,3288.91,13304.39,822.84,52693.57,3735.48
2022-06-15,102807.0,3305.41,13485.29,838.94,52541.39,3789.99
2022-06-17,99825.0,3316.79,13126.26,825.41,51360.42,3674.84
2022-06-21,99685.0,3306.72,13292.4,840.69,52532.07,3764.79
2022-06-22,99522.0,3267.2,13144.28,836.48,51822.53,3759.89
2022-06-23,98080.0,3320.15,12912.59,836.23,52265.72,3795.73
2022-06-24,98672.0,3349.75,13118.13,834.83,52727.98,3911.74
2022-06-27,100764.0,3379.19,13186.07,823.18,53161.28,3900.11
2022-06-28,100591.0,3409.21,13231.82,823.92,53177.45,3821.55
2022-06-29,99622.0,3361.52,13003.35,822.15,53026.97,3818.83
2022-06-30,98542.0,3398.62,12783.77,810.42,53018.94,3785.38
2022-07-01,98954.0,3387.64,12813.03,805.79,52907.93,3825.33
2022-07-05,98295.0,3404.03,12401.2,779.68,53134.35,3831.39
2022-07-06,98719.0,3355.35,12594.52,779.2,53750.97,3845.08
2022-07-07,100730.0,3364.4,12843.22,795.24,54178.46,3902.62
2022-07-08,100289.0,3356.08,13015.23,802.16,54481.84,3899.38
2022-07-11,98212.0,3313.58,12832.44,789.58,54395.23,3854.43
2022-07-12,98271.0,3281.47,12905.48,794.6,53886.61,3818.8
2022-07-13,97881.0,3284.29,12756.32,803.28,53514.15,3801.78
2022-07-14,96121.0,3281.74,12519.66,796.41,53416.15,3790.38
2022-07-15,96551.0,3228.06,12864.72,794.62,53760.78,3863.16
2022-07-18,96916.0,3278.1,12959.81,804.24,54521.15,3830.85
2022-07-19,98245.0,3279.43,13308.41,806.11,54767.62,3936.69
2022-07-20,98287.0,3304.72,13281.98,815.32,55397.53,3959.9
2022-07-21,99033.0,3272.0,13246.64,826.11,55681.95,3998.95
2022-07-22,98925.0,3269.97,13253.68,829.97,56072.23,3961.63
2022-07-25,100270.0,3250.39,13210.32,828.89,55766.22,3966.84
2022-07-26,99772.0,3277.44,13096.93,829.26,55268.49,3921.05
2022-07-27,101438.0,3275.76,13166.38,834.85,55816.32,4023.61
2022-07-28,102597.0,3282.58,13282.11,839.52,56857.79,4072.43
2022-07-29,103165.0,3253.24,13484.05,851.05,57570.25,4130.29
2022-08-01,102225.0,3259.96,13479.63,863.81,58115.5,4118.63
2022-08-02,103362.0,3186.27,13449.2,869.82,58136.36,4091.19
2022-08-03,103775.0,3163.67,13587.56,870.24,58350.53,4155.17
2022-08-04,105892.0,3189.04,13662.68,867.51,58298.8,4151.94
2022-08-05,106472.0,3227.03,13573.93,849.23,58387.93,4145.19
2022-08-08,108402.0,3236.93,13687.69,860.32,58853.07,4140.06
2022-08-10,110236.0,3230.02,13700.93,875.47,58817.29,4210.24
2022-08-11,109718.0,3281.67,13694.51,882.77,59332.6,4207.27
2022-08-12,112764.0,3276.89,13795.85,878.76,59462.78,4280.15
2022-08-16,113512.0,3277.88,13910.12,893.23,59842.21,4305.2
2022-08-17,113708.0,3292.53,13626.71,894.37,60260.13,4274.04
2022-08-18,113813.0,3277.54,13697.41,897.63,60298.0,4283.74
2022-08-19,111496.0,3258.08,13544.52,899.16,59646.15,4228.48
2022-08-22,110501.0,3277.79,13230.57,896.41,58773.87,4137.99
2022-08-23,112857.0,3276.22,13194.23,891.46,59031.3,4128.73
2022-08-24,112898.0,3215.2,13220.06,892.37,59085.43,4140.77
2022-08-25,113532.0,3246.25,13271.96,896.12,58774.72,4199.12
2022-08-26,112299.0,3236.22,12971.47,893.74,58833.87,4057.66
2022-08-29,112323.0,3240.73,12892.99,868.25,57972.62,4030.61
2022-08-30,110431.0,3227.22,12961.14,855.7,59537.07,3986.16
2022-09-01,110405.0,3184.98,12630.23,843.17,58766.59,3966.85
2022-09-02,110864.0,3186.48,13050.27,844.78,58803.33,3924.26
2022-09-06,109764.0,3243.45,12871.44,834.91,59196.99,3908.19
2022-09-08,109916.0,3235.59,12904.32,825.96,59688.22,4006.18
2022-09-09,112300.0,3262.05,13088.21,841.91,59793.14,4067.36
2022-09-13,110794.0,3263.8,13188.95,840.81,60571.08,3932.69
2022-09-14,110547.0,3237.54,13028.0,836.63,60346.97,3946.01
2022-09-15,109954.0,3199.92,12956.66,839.23,59934.01,3901.35
2022-09-16,109280.0,3126.4,12741.26,836.17,58840.79,3873.33
2022-09-19,111824.0,3115.6,12803.24,833.36,59141.23,3899.89
2022-09-20,112517.0,3122.41,12670.83,833.86,59719.74,3855.93
2022-09-21,111936.0,3117.18,12767.15,826.32,59456.78,3789.93
2022-09-22,114070.0,3108.91,12531.63,817.61,59119.72,3757.99
2022-09-23,111716.0,3088.37,12284.19,798.11,58098.92,3693.23
2022-09-26,109114.0,3051.23,12227.92,792.73,57145.22,3655.04
2022-09-27,108376.0,3093.86,12139.68,798.41,57107.52,3647.29
2022-09-28,108451.0,3045.07,12183.28,791.42,56598.28,3719.04
2022-09-29,107664.0,3041.2,11975.55,788.46,56409.96,3640.47
2022-09-30,110037.0,3024.39,12114.36,792.9,57426.92,3585.62
2022-10-10,115941.0,2974.15,12272.94,814.61,57991.11,3612.39
2022-10-11,114827.0,2979.79,12220.25,808.98,57147.32,3588.84
2022-10-13,114300.0,3016.36,12355.58,816.02,57235.33,3669.91
2022-10-14,112072.0,3071.99,12437.81,832.32,57919.97,3583.07
2022-10-17,113624.0,3084.94,12649.03,842.64,58410.98,3677.95
2022-10-18,115743.0,3080.96,12765.61,851.04,58960.6,3719.98
2022-10-19,116274.0,3044.38,12741.41,848.17,59107.19,3695.16
2022-10-20,117171.0,3035.05,12767.41,854.8,59202.9,3665.78
2022-10-21,119929.0,3038.93,12730.9,854.99,59307.15,3752.75
2022-10-24,116013.0,2977.56,12931.45,866.25,59831.66,3797.34
2022-10-25,114626.0,2976.28,13052.96,863.35,59543.96,3859.11
2022-10-27,114641.0,2982.9,13211.23,860.76,59756.84,3807.3
2022-10-31,116037.0,2893.48,13253.74,874.27,60746.59,3871.98
2022-11-01,116929.0,2969.2,13338.74,868.25,61121.35,3856.1
2022-11-03,116896.0,2997.81,13130.19,861.76,60836.41,3719.89
2022-11-04,118155.0,3070.8,13459.85,879.1,60950.36,3770.55
2022-11-07,115342.0,3077.82,13533.52,885.3,61185.15,3806.8
2022-11-09,113580.0,3048.17,13666.32,891.8,61033.55,3748.57
2022-11-10,109775.0,3036.13,14146.09,898.94,60613.7,3956.37
2022-11-11,112253.0,3087.29,14224.86,897.78,61795.04,3992.93
2022-11-14,113161.0,3083.4,14313.3,900.3,61624.15,3957.25
2022-11-16,110243.0,3119.98,14234.03,887.09,61980.72,3958.79
2022-11-17,109703.0,3115.43,14266.38,883.28,61750.6,3946.56
2022-11-18,108870.0,3097.24,14431.86,889.9,61663.48,3965.34
2022-11-21,109748.0,3085.04,14379.93,891.81,61144.84,3949.94
2022-11-22,109037.0,3088.94,14422.35,900.07,61418.96,4003.58
2022-11-23,108841.0,3096.91,14427.59,906.4,61510.58,4027.26
2022-11-25,108977.0,3101.69,14541.38,917.64,62293.64,4026.12
2022-11-28,108782.0,3078.55,14383.36,907.06,62504.8,3963.94
2022-11-29,110910.0,3149.75,14355.45,911.91,62681.84,3957.63
2022-11-30,112486.0,3151.34,14397.04,912.33,63099.65,4080.11
2022-12-01,110926.0,3165.47,14490.3,922.42,63284.19,4076.57
2022-12-02,111924.0,3156.14,14529.39,903.97,62868.5,4071.7
2022-12-05,109401.0,3211.81,14447.61,903.25,62834.6,3998.84
2022-12-06,110189.0,3212.53,14343.19,904.09,62626.36,3941.26
2022-12-07,109069.0,3199.62,14261.19,910.29,62410.68,3933.92
2022-12-08,107249.0,3197.35,14264.56,915.4,62570.68,3963.51
2022-12-09,107520.0,3206.95,14370.72,915.99,62181.67,3934.38
2022-12-12,105343.0,3179.04,14306.63,912.94,62130.57,3990.56
2022-12-13,103540.0,3176.33,14497.89,920.53,62533.3,4019.65
2022-12-14,103746.0,3176.53,14460.2,923.63,62677.91,3995.32
2022-12-15,103738.0,3168.65,13986.23,917.1,61799.03,3895.75
2022-12-16,102856.0,3167.86,13893.07,911.85,61337.81,3852.36
2022-12-19,104740.0,3107.11,13942.87,916.48,61806.19,3817.66
2022-12-20,106864.0,3073.77,13884.66,915.51,61702.29,3821.62
2022-12-21,107433.0,3068.41,14097.82,923.86,61067.24,3878.44
2022-12-22,107552.0,3054.43,13914.07,924.2,60826.22,3822.39
2022-12-23,109698.0,3045.87,13940.93,921.25,59845.29,3844.82
2022-12-27,108578.0,3095.57,13995.1,923.26,60927.43,3829.25
2022-12-28,110237.0,3087.4,13925.6,923.79,60910.28,3783.22
2022-12-29,109735.0,3073.7,14071.72,920.82,61133.88,3849.28
2023-01-03,104166.0,3116.51,14181.67,943.82,61294.2,3824.14
2023-01-04,105334.0,3123.52,14490.78,946.1,60657.45,3852.97
2023-01-05,107641.0,3155.22,14436.31,951.45,60353.27,3808.1
2023-01-09,109130.0,3176.08,14792.83,962.84,60747.31,3892.09
2023-01-10,110817.0,3169.51,14774.6,962.22,60115.48,3919.25
2023-01-11,112517.0,3161.84,14947.91,963.7,60105.5,3969.61
2023-01-12,111850.0,3163.45,15058.3,964.26,59958.03,3983.17
2023-01-13,110916.0,3195.31,15086.52,968.38,60261.18,3999.09
2023-01-17,111439.0,3224.24,15187.07,987.01,60655.72,3990.97
2023-01-18,112228.0,3224.41,15181.8,989.58,61045.74,3928.86
2023-01-19,112922.0,3240.28,14920.36,967.76,60858.43,3898.85
2023-01-20,112041.0,3264.81,15033.56,979.06,60621.77,3972.61
2023-01-30,112273.0,3269.32,15126.08,1024.75,59500.41,4017.77
2023-01-31,113431.0,3255.67,15128.27,1022.82,59549.9,4076.6
2023-02-01,112074.0,3284.92,15180.74,1027.25,59708.08,4119.21
2023-02-02,110141.0,3285.67,15509.19,1029.68,59932.24,4179.76
2023-02-03,108523.0,3263.41,15476.43,1033.44,60841.88,4136.48
2023-02-06,108722.0,3238.7,15345.91,1033.02,60506.9,4111.08
2023-02-07,107830.0,3248.09,15320.88,1041.51,60286.04,4164.0
2023-02-08,109951.0,3232.11,15412.05,1064.43,60663.79,4117.86
2023-02-09,108008.0,3270.38,15523.42,1074.87,60806.22,4081.5
2023-02-10,108078.0,3260.67,15307.98,1068.12,60682.7,4090.46
2023-02-13,108836.0,3284.16,15397.34,1092.91,60431.84,4137.29
2023-02-14,107849.0,3293.28,15380.56,1093.97,61032.26,4136.13
2023-02-15,109600.0,3280.49,15506.34,1093.15,61275.09,4147.6
2023-02-16,109941.0,3249.03,15533.64,1091.62,61319.51,4090.41
2023-02-17,109177.0,3224.02,15482.0,1102.76,61002.57,4079.09
2023-02-22,107152.0,3291.15,15399.89,1101.3,59744.98,3991.05
2023-02-23,107593.0,3287.48,15475.69,1119.25,59605.8,4012.32
2023-02-24,105798.0,3267.16,15209.74,1113.36,59463.93,3970.04
2023-02-28,104932.0,3279.61,15365.14,1129.25,58962.12,3970.15
2023-03-01,104385.0,3312.35,15305.02,1133.11,59411.08,3951.39
2023-03-02,103326.0,3310.65,15327.64,1118.79,58909.35,3981.35
2023-03-03,103866.0,3328.39,15578.39,1114.68,59808.97,4045.64
2023-03-06,104700.0,3322.03,15653.58,1082.1,60224.46,4048.42
2023-03-08,106540.0,3283.25,15631.87,1076.36,60348.09,3992.01
2023-03-09,105071.0,3276.09,15633.21,1083.22,59806.28,3918.32
2023-03-10,103618.0,3230.08,15427.97,1056.26,59135.13,3861.59
2023-03-13,103121.0,3268.7,14959.47,1049.55,58237.85,3855.76
2023-03-14,102932.0,3245.31,15232.83,1074.07,57900.19,3920.56
2023-03-15,102675.0,3263.31,14735.26,1025.22,57555.9,3891.93
2023-03-16,103435.0,3226.89,14967.1,1031.91,57634.84,3960.28
2023-03-17,101982.0,3250.55,14768.2,1020.19,57989.9,3916.64
2023-03-20,100923.0,3234.91,14933.38,1027.47,57628.95,3951.57
2023-03-21,100998.0,3255.65,15195.34,1049.7,58074.68,4002.87
2023-03-22,100221.0,3265.75,15216.19,1044.96,58214.59,3936.97
2023-03-23,97926.0,3286.65,15210.39,1052.43,57925.28,3948.72
2023-03-24,98829.0,3265.65,14957.23,1021.16,57527.1,3970.99
2023-03-27,99670.0,3251.4,15127.68,1035.72,57653.86,3977.53
2023-03-28,101185.0,3245.38,15142.02,1023.44,57613.72,3971.27
2023-03-29,101793.0,3240.06,15328.78,1030.65,57960.09,4027.81
2023-03-31,101882.0,3272.86,15628.84,1054.59,58991.52,4109.31
2023-04-03,101506.0,3296.4,15580.92,1068.24,59106.44,4124.51
2023-04-06,100822.0,3312.63,15597.89,1074.0,59832.97,4105.02
2023-04-11,106214.0,3313.57,15655.17,1092.75,60157.72,4108.94
2023-04-12,106890.0,3327.18,15703.6,1095.91,60392.77,4091.95
2023-04-13,106458.0,3318.36,15729.46,1102.79,60431.0,4146.22
2023-04-18,106163.0,3393.33,15882.67,1120.29,59727.01,4154.87
2023-04-19,103913.0,3370.13,15895.2,1111.11,59567.8,4154.52
2023-04-20,104367.0,3367.03,15795.97,1106.57,59632.35,4129.79
2023-04-24,103947.0,3275.41,15863.95,1105.42,60056.1,4137.04
2023-04-25,103220.0,3264.87,15872.13,1090.53,60130.71,4071.63
2023-04-26,102312.0,3264.1,15795.73,1096.42,60300.58,4055.99
2023-04-27,102923.0,3285.88,15800.45,1096.01,60649.38,4135.35
2023-04-28,104432.0,3323.27,15922.38,1085.11,61112.44,4169.48
